aly8942@lionstate.edu,EE320,1
amu1270@lionstate.edu,PHYS212,2
aki5907@lionstate.edu,CMPEN411,2
ash5820@lionstate.edu,CMPSC360,1
ale8219@lionstate.edu,CMPSC497,2
ale8939@lionstate.edu,CMPSC360,1
ahi5324@lionstate.edu,CMPEN351,2
abe4600@lionstate.edu,PHYS211,1
akr4205@lionstate.edu,CMPSC465,2
ato9019@lionstate.edu,PHYS214,2
asc2712@lionstate.edu,CSE583,2
aha9325@lionstate.edu,STAT414,2
abo7856@lionstate.edu,CMPEN441,2
atr9605@lionstate.edu,CMPEN431,1
aok9861@lionstate.edu,PHYS212,2
ali8897@lionstate.edu,EE352,1
abe6138@lionstate.edu,EE340,1
ale7189@lionstate.edu,CHEM111,1
aja3132@lionstate.edu,STAT318,1
aro5704@lionstate.edu,CSE543,2
amo7945@lionstate.edu,CMPSC461,1
ast1122@lionstate.edu,IST558,2
azu5256@lionstate.edu,IST110,2
abo9166@lionstate.edu,MATH140,2
apa5949@lionstate.edu,CMPEN454,1
aga6525@lionstate.edu,DS220,1
ami4349@lionstate.edu,MATH140,2
abr9092@lionstate.edu,CHEM110,1
ahe1989@lionstate.edu,IST128,1
ade2931@lionstate.edu,EE311,1
awi2065@lionstate.edu,PHYS213,2
lje9488@lionstate.edu,MATH140,2
rbr2525@lionstate.edu,EE320,1
ldi6656@lionstate.edu,IST110,2
mdi4539@lionstate.edu,CMPEN431,2
kfa9089@lionstate.edu,CMPEN362,2
pzi2408@lionstate.edu,CHEM112,1
mru3359@lionstate.edu,STAT319,1
sco1712@lionstate.edu,PHYS211,2
tpa5190@lionstate.edu,IST128,2
ihi8422@lionstate.edu,CMPEN331,2
mel3938@lionstate.edu,EE311,1
pri2221@lionstate.edu,CMPSC461,1
nku3451@lionstate.edu,EE211,1
jze6681@lionstate.edu,CMPSC475,1
jpa6316@lionstate.edu,ECON101,1
lke7167@lionstate.edu,MATH140,2
kst7090@lionstate.edu,ECON101,1
mst7516@lionstate.edu,STAT415,2
ihu2594@lionstate.edu,CMPSC431W,1
sma8389@lionstate.edu,STAT318,1
jsc7283@lionstate.edu,CMPSC475,2
mbl5527@lionstate.edu,DS120,2
rmc1213@lionstate.edu,CMPEN454,1
mge3655@lionstate.edu,PHYS214,1
kca7584@lionstate.edu,EE211,1
rhi3330@lionstate.edu,DS120,2
jha3634@lionstate.edu,EE352,2
mse3018@lionstate.edu,ECON101,1
jle7688@lionstate.edu,ECON102,2
mre6097@lionstate.edu,PHYS213,2
mar7316@lionstate.edu,CMPEN270,1
rbo4096@lionstate.edu,CMPEN351,1
jco8261@lionstate.edu,PHYS211,1
kgu3649@lionstate.edu,EE352,2
lgr2017@lionstate.edu,CMPSC131,1
sgr6837@lionstate.edu,CMPSC497,2
tpr4269@lionstate.edu,CMPEN441,2
sbo2144@lionstate.edu,IST128,1
mha5312@lionstate.edu,CMPSC497,2
vsa8991@lionstate.edu,IST110,2
mma8341@lionstate.edu,STAT319,1
tgl2369@lionstate.edu,CMPEN441,1
mku3151@lionstate.edu,CSE543,1
sal4395@lionstate.edu,CSE543,1
kni2503@lionstate.edu,ECON201,2
jki2803@lionstate.edu,CMPEN362,2
mdu3807@lionstate.edu,CMPSC448,1
mch6748@lionstate.edu,IST110,2
lla3945@lionstate.edu,CMPSC132,1
mre5662@lionstate.edu,ECON201,2
tba6345@lionstate.edu,EE311,2
wmo7407@lionstate.edu,MATH231,2
jbr7032@lionstate.edu,CMPEN454,2
ko'2102@lionstate.edu,CHEM110,1
zjo1462@lionstate.edu,EE311,2
mba9287@lionstate.edu,PHYS211,1
mru3829@lionstate.edu,EE320,2
mde6603@lionstate.edu,EE311,1
kmi8049@lionstate.edu,DS120,2
sgl1030@lionstate.edu,CMPEN270,1
mst1558@lionstate.edu,MATH140,2
tmo8266@lionstate.edu,STAT318,2
jgr3574@lionstate.edu,CMPEN411,2
ycr1322@lionstate.edu,CMPEN270,1
sst9336@lionstate.edu,CSE583,1
rbo1548@lionstate.edu,PHYS214,2
zre8115@lionstate.edu,CHEM110,2
rch5723@lionstate.edu,EE212,2
jtu5218@lionstate.edu,CMPSC221,2
lob8984@lionstate.edu,CMPEN270,2
tru4888@lionstate.edu,STAT414,1
lru4870@lionstate.edu,CMPSC475,2
xgr6403@lionstate.edu,PHYS212,2
mel4420@lionstate.edu,CSE583,2
lre4938@lionstate.edu,EE211,1
she6009@lionstate.edu,CMPEN351,1
lan4217@lionstate.edu,EE320,2
msc4152@lionstate.edu,DS120,2
tba6085@lionstate.edu,CMPSC461,1
mmu4907@lionstate.edu,STAT415,1
tha7400@lionstate.edu,EE212,1
kko5971@lionstate.edu,MATH141,2
ndo9422@lionstate.edu,EE211,1
sbr4537@lionstate.edu,EE353,2
rru5828@lionstate.edu,CMPEN431,2
mma5417@lionstate.edu,CMPSC131,1
mre1388@lionstate.edu,PHYS213,1
lgi1280@lionstate.edu,CHEM110,2
jor1361@lionstate.edu,CMPEN331,2
mar8229@lionstate.edu,CMPSC221,2
mcu4958@lionstate.edu,STAT414,2
rsc2927@lionstate.edu,IST110,1
myv4130@lionstate.edu,IST558,2
mvo3769@lionstate.edu,CMPSC132,1
vwi2326@lionstate.edu,IST110,1
nre9702@lionstate.edu,ECON101,2
mal1707@lionstate.edu,CMPEN441,2
mco8919@lionstate.edu,EE211,2
lgo6567@lionstate.edu,CSE543,2
sha4650@lionstate.edu,CMPEN351,1
mtu7648@lionstate.edu,EE311,2
lto6036@lionstate.edu,CSE583,1
jwa5124@lionstate.edu,CMPSC465,1
kro8698@lionstate.edu,EE211,2
nfa5557@lionstate.edu,STAT319,2
md'3250@lionstate.edu,IST110,2
mbr4721@lionstate.edu,EE353,2
mki9627@lionstate.edu,CMPEN411,2
mka2323@lionstate.edu,STAT319,1
oco4309@lionstate.edu,EE330,1
kma2934@lionstate.edu,CMPSC461,1
jsc1133@lionstate.edu,CMPSC221,2
jwi1131@lionstate.edu,EE311,1
vla3135@lionstate.edu,CMPSC311,2
pha3837@lionstate.edu,STAT318,1
mda8856@lionstate.edu,CMPEN454,1
jhe9677@lionstate.edu,PHYS214,1
mwh8884@lionstate.edu,EE330,2
lda8145@lionstate.edu,EE330,1
mca2641@lionstate.edu,CSE583,2
lgi8755@lionstate.edu,CSE583,1
mma7996@lionstate.edu,CMPSC475,1
rco1350@lionstate.edu,CSE543,1
mze1101@lionstate.edu,CMPSC311,1
mle8029@lionstate.edu,CMPSC461,1
nhi9400@lionstate.edu,CMPEN362,2
msc7404@lionstate.edu,MATH141,2
mpf1895@lionstate.edu,CMPSC431W,1
lja7548@lionstate.edu,MATH140,2
sro1687@lionstate.edu,CHEM111,1
mti1005@lionstate.edu,MATH231,1
lda3697@lionstate.edu,CMPSC497,1
svo1567@lionstate.edu,CMPSC132,2
kfa7315@lionstate.edu,IST558,1
rhe3959@lionstate.edu,CMPEN441,2
vto8500@lionstate.edu,EE212,2
lul2667@lionstate.edu,STAT319,1
lbe3298@lionstate.edu,EE330,1
kba3267@lionstate.edu,CMPEN331,1
rve7599@lionstate.edu,CMPSC221,1
mlo5294@lionstate.edu,CSE543,1
mjo3251@lionstate.edu,STAT319,2
jfr4395@lionstate.edu,EE340,2
ltu9306@lionstate.edu,CMPSC311,2
jsw5249@lionstate.edu,CMPSC132,2
rfe9835@lionstate.edu,CMPSC221,2
jst9690@lionstate.edu,EE352,1
kka3493@lionstate.edu,CHEM110,1
mra5395@lionstate.edu,EE330,1
ver7410@lionstate.edu,EE330,1
mlo6590@lionstate.edu,CMPEN454,2
ldi8835@lionstate.edu,CMPEN270,1
jku5047@lionstate.edu,DS220,2
ina3083@lionstate.edu,EE212,2
pbe5438@lionstate.edu,CMPEN362,2
rfr7251@lionstate.edu,PHYS213,2
mni1754@lionstate.edu,EE211,2
sma6410@lionstate.edu,CMPEN351,1
lja5065@lionstate.edu,DS220,2
wru6659@lionstate.edu,CMPSC221,1
wle7976@lionstate.edu,EE212,1
jri3730@lionstate.edu,CMPSC131,2
nsc1496@lionstate.edu,CMPEN441,2
msh8653@lionstate.edu,MATH141,2
nan2109@lionstate.edu,EE212,2
lsc8583@lionstate.edu,CMPSC132,2
sma9638@lionstate.edu,CMPSC465,1
rro3378@lionstate.edu,CSE583,1
lwo9519@lionstate.edu,STAT318,2
ila1616@lionstate.edu,PHYS211,1
mgi5972@lionstate.edu,CHEM112,2
mor3944@lionstate.edu,ECON101,2
pwi6256@lionstate.edu,CMPSC465,2
lma5523@lionstate.edu,CMPEN351,2
mja9477@lionstate.edu,IST558,2
pco3542@lionstate.edu,PHYS213,2
mfr1531@lionstate.edu,CMPEN351,1
jbr5742@lionstate.edu,MATH230,2
mad6762@lionstate.edu,CSE543,2
lfr5699@lionstate.edu,CHEM112,2
jhu6059@lionstate.edu,EE210,2
rba4716@lionstate.edu,EE210,1
mra1173@lionstate.edu,CMPSC465,1
mla7040@lionstate.edu,CMPSC431W,2
mke5035@lionstate.edu,EE330,1
ncu7389@lionstate.edu,CMPSC131,1
mjo9620@lionstate.edu,PHYS212,2
mei1629@lionstate.edu,ECON102,2
mke4315@lionstate.edu,MATH140,2
myo1601@lionstate.edu,CMPSC311,1
jmc9625@lionstate.edu,ECON201,2
ufa3951@lionstate.edu,EE210,1
mre4255@lionstate.edu,ECON102,2
mba6793@lionstate.edu,IST128,1
jku3642@lionstate.edu,EE353,1
ysc5785@lionstate.edu,CMPEN431,2
rfr5648@lionstate.edu,ECON201,2
no'3158@lionstate.edu,CHEM110,2
lco5380@lionstate.edu,EE320,2
ohe2838@lionstate.edu,CMPEN351,1
jco2499@lionstate.edu,CMPSC221,2
mmi5755@lionstate.edu,CMPSC448,2
jha5858@lionstate.edu,CHEM111,2
ikr7411@lionstate.edu,CSE583,2
tke8544@lionstate.edu,EE210,1
tsc4447@lionstate.edu,CMPSC360,2
kri1586@lionstate.edu,STAT318,2
rkr9745@lionstate.edu,CMPEN411,2
sgr1392@lionstate.edu,ECON101,1
jlu8446@lionstate.edu,ECON101,2
kha2564@lionstate.edu,PHYS214,1
mel9711@lionstate.edu,MATH231,1
jli1535@lionstate.edu,STAT414,1
swe4161@lionstate.edu,MATH231,2
kho2978@lionstate.edu,CSE543,2
mni8737@lionstate.edu,CMPEN331,1
mth7915@lionstate.edu,CMPSC465,1
pfa7621@lionstate.edu,IST128,2
mcr6774@lionstate.edu,CMPEN441,2
mve7191@lionstate.edu,CHEM112,1
kku3945@lionstate.edu,CMPSC497,1
oki8339@lionstate.edu,IST558,2
mti9840@lionstate.edu,CHEM111,2
lbo3169@lionstate.edu,CMPEN441,1
lhi8879@lionstate.edu,CMPSC132,1
mni9530@lionstate.edu,PHYS211,2
kab2618@lionstate.edu,CMPSC475,2
ttu9759@lionstate.edu,CMPSC131,2
mru8732@lionstate.edu,EE311,2
mau5121@lionstate.edu,DS120,1
mre1486@lionstate.edu,CMPEN411,2
osi6913@lionstate.edu,CMPSC131,2
mis3774@lionstate.edu,PHYS213,2
mje1517@lionstate.edu,CMPEN351,2
pwh2002@lionstate.edu,CMPSC475,2
job4068@lionstate.edu,STAT319,1
kle7587@lionstate.edu,CMPSC497,2
nsp6459@lionstate.edu,CMPSC465,1
vre1108@lionstate.edu,MATH231,1
mko8498@lionstate.edu,ECON102,1
tsc3180@lionstate.edu,IST558,2
mje1294@lionstate.edu,ECON101,1
kpa6358@lionstate.edu,STAT415,2
mem5259@lionstate.edu,MATH231,2
lhe3177@lionstate.edu,EE211,2
kan9497@lionstate.edu,EE352,2
wan2968@lionstate.edu,CHEM112,2
lad3683@lionstate.edu,DS220,2
kly7755@lionstate.edu,CHEM110,2
jha3938@lionstate.edu,CMPEN362,1
sbr1332@lionstate.edu,IST110,2
kba3474@lionstate.edu,MATH230,1
lvo2571@lionstate.edu,PHYS211,2
mtr1113@lionstate.edu,CMPEN431,2
zpr3563@lionstate.edu,STAT318,1
mru2747@lionstate.edu,CMPSC465,2
wsm1648@lionstate.edu,CMPSC465,2
lwi5095@lionstate.edu,PHYS211,2
msh2018@lionstate.edu,CHEM112,1
mja9753@lionstate.edu,IST558,1
jco7511@lionstate.edu,ECON101,1
mja4678@lionstate.edu,STAT415,1
jzi6855@lionstate.edu,CMPEN411,2
vol8061@lionstate.edu,CSE543,2
kst3418@lionstate.edu,CMPEN362,1
mty4698@lionstate.edu,IST558,2
wsc7930@lionstate.edu,MATH231,1
mda7609@lionstate.edu,DS220,1
thi1019@lionstate.edu,CSE583,2
mhe4861@lionstate.edu,ECON102,1
vko8312@lionstate.edu,IST558,2
mha1378@lionstate.edu,EE311,1
wwi6147@lionstate.edu,PHYS211,2
mke9858@lionstate.edu,EE311,1
ubr7160@lionstate.edu,MATH141,2
lhe8423@lionstate.edu,STAT415,2
kfe1479@lionstate.edu,IST128,1
sbr8378@lionstate.edu,CHEM112,1
mno6831@lionstate.edu,IST110,2
ugr7753@lionstate.edu,CMPEN454,1
tku9442@lionstate.edu,EE211,1
ibe6293@lionstate.edu,EE320,1
osa9043@lionstate.edu,PHYS214,2
nef4231@lionstate.edu,CHEM112,1
vgr9708@lionstate.edu,CMPEN331,2
mra2135@lionstate.edu,CMPSC431W,1
kma6272@lionstate.edu,ECON101,2
sja8550@lionstate.edu,EE211,1
wra7675@lionstate.edu,EE320,2
mro4234@lionstate.edu,CMPEN351,2
mal5609@lionstate.edu,CMPEN454,2
mgr9180@lionstate.edu,EE320,1
lha7423@lionstate.edu,STAT415,2
zri4748@lionstate.edu,EE340,1
jgu4126@lionstate.edu,MATH141,1
oko6508@lionstate.edu,MATH141,2
mwe9386@lionstate.edu,CMPSC132,1
sma8371@lionstate.edu,CMPSC131,1
mni4053@lionstate.edu,CMPEN431,1
rma4418@lionstate.edu,CMPSC311,2
jli6782@lionstate.edu,CMPEN362,2
mli4220@lionstate.edu,PHYS213,1
phe8657@lionstate.edu,STAT318,2
mal7301@lionstate.edu,ECON201,1
ppu8310@lionstate.edu,CMPSC221,1
vke5227@lionstate.edu,PHYS212,1
rob6329@lionstate.edu,ECON102,1
tfa8623@lionstate.edu,CMPSC431W,1
pmi9309@lionstate.edu,CMPSC465,2
kru3278@lionstate.edu,MATH231,2
mty9244@lionstate.edu,CMPEN362,1
twi9118@lionstate.edu,PHYS211,2
ole5149@lionstate.edu,CMPEN270,2
jwa8464@lionstate.edu,CMPSC431W,1
oku5496@lionstate.edu,EE210,2
psh1860@lionstate.edu,EE210,1
mpa1813@lionstate.edu,CMPEN454,1
smu1729@lionstate.edu,STAT415,2
tdi3644@lionstate.edu,EE210,2
sma4679@lionstate.edu,CMPSC360,2
jpa9861@lionstate.edu,ECON102,2
mga8559@lionstate.edu,EE311,2
sgu3389@lionstate.edu,ECON102,2
lor8820@lionstate.edu,IST128,2
mlu8397@lionstate.edu,CMPEN454,2
jst3903@lionstate.edu,CSE543,2
mer6665@lionstate.edu,CMPSC221,2
mbr3753@lionstate.edu,CMPSC431W,2
sgo5481@lionstate.edu,MATH141,1
lto2510@lionstate.edu,CSE583,1
ptu5897@lionstate.edu,STAT414,2
wcr6243@lionstate.edu,PHYS211,1
mma8740@lionstate.edu,CMPEN270,1
mam7283@lionstate.edu,EE353,2
jni8513@lionstate.edu,MATH141,1
mha9412@lionstate.edu,CMPSC475,1
jhi5936@lionstate.edu,CHEM112,1
spa3052@lionstate.edu,CMPSC465,2
vno9310@lionstate.edu,CMPEN441,2
mja6189@lionstate.edu,CHEM111,2
mhe4177@lionstate.edu,CSE543,2
mpr9723@lionstate.edu,EE210,1
mja3480@lionstate.edu,MATH141,2
mpe6095@lionstate.edu,PHYS211,2
mre4504@lionstate.edu,CHEM110,2
kke9934@lionstate.edu,EE320,1
jma6502@lionstate.edu,CMPSC497,1
mmu3939@lionstate.edu,EE212,1
jre6232@lionstate.edu,CHEM111,1
rqu7150@lionstate.edu,CMPEN362,1
tfa8479@lionstate.edu,CMPSC221,1
obo2257@lionstate.edu,IST558,1
jdi5599@lionstate.edu,PHYS214,2
nbo5422@lionstate.edu,CMPEN454,2
jsm3398@lionstate.edu,STAT415,2
mtr9030@lionstate.edu,STAT415,2
tbe7837@lionstate.edu,EE353,1
jfe5900@lionstate.edu,EE340,2
mja9711@lionstate.edu,EE352,1
sle7671@lionstate.edu,CHEM110,2
wgu6997@lionstate.edu,IST128,2
lba8615@lionstate.edu,STAT319,1
kwe2447@lionstate.edu,CMPEN411,2
ldu5279@lionstate.edu,CMPSC431W,2
nbe7364@lionstate.edu,CMPEN411,1
rke3219@lionstate.edu,EE320,2
vpr8721@lionstate.edu,DS120,1
mbr8262@lionstate.edu,MATH140,2
rha9484@lionstate.edu,EE352,1
lwi3851@lionstate.edu,MATH230,2
mei3995@lionstate.edu,STAT415,2
mpf9660@lionstate.edu,CMPSC465,1
ust9264@lionstate.edu,CMPSC475,2
mad9712@lionstate.edu,MATH140,2
mko2134@lionstate.edu,CMPSC132,1
mad4966@lionstate.edu,MATH141,2
vyu4473@lionstate.edu,STAT319,2
lwe4861@lionstate.edu,EE311,2
nmo8196@lionstate.edu,IST558,1
nba2747@lionstate.edu,STAT319,2
msc4941@lionstate.edu,EE340,2
mke8007@lionstate.edu,CMPSC448,1
rwa1680@lionstate.edu,ECON102,2
mru5673@lionstate.edu,CMPEN441,1
kzi2319@lionstate.edu,IST110,2
mla8288@lionstate.edu,IST128,1
jdo5653@lionstate.edu,CMPSC311,1
lku1009@lionstate.edu,EE210,1
jko6802@lionstate.edu,EE353,1
jwe6460@lionstate.edu,STAT415,2
zwu7682@lionstate.edu,CMPEN454,2
jkr6557@lionstate.edu,CMPSC465,1
mni2107@lionstate.edu,EE311,2
pha6738@lionstate.edu,EE311,1
jle1023@lionstate.edu,CMPEN351,1
mje1028@lionstate.edu,CMPEN351,2
nsi9812@lionstate.edu,CSE543,1
lra3866@lionstate.edu,EE311,2
mes5352@lionstate.edu,CMPSC431W,1
mci7103@lionstate.edu,CHEM110,2
jke2667@lionstate.edu,CHEM110,1
kbr9764@lionstate.edu,STAT414,2
kqu2179@lionstate.edu,MATH231,1
mja2485@lionstate.edu,CMPEN454,2
tpr8421@lionstate.edu,CMPSC221,1
mel3476@lionstate.edu,CMPEN270,1
kbe8997@lionstate.edu,IST110,2
sro2588@lionstate.edu,EE210,1
jha1078@lionstate.edu,STAT319,2
spr5193@lionstate.edu,CSE583,2
pmu4370@lionstate.edu,MATH140,1
tle9077@lionstate.edu,DS220,2
imu2857@lionstate.edu,CMPSC475,2
sdo9870@lionstate.edu,CMPEN351,2
pok5286@lionstate.edu,CMPSC448,1
wo'7278@lionstate.edu,CMPSC465,1
mci5246@lionstate.edu,ECON201,1
mma4189@lionstate.edu,CHEM110,2
nbe3401@lionstate.edu,CMPSC475,1
mmi9822@lionstate.edu,EE353,1
vho3800@lionstate.edu,EE210,2
mid8120@lionstate.edu,CMPSC465,2
jst5934@lionstate.edu,CMPEN331,2
mtr4908@lionstate.edu,EE210,1
oha3028@lionstate.edu,EE330,2
jbo2807@lionstate.edu,CHEM112,2
jcr6700@lionstate.edu,CMPSC431W,2
ksa5709@lionstate.edu,CMPSC311,2
sbe8426@lionstate.edu,CMPEN362,2
mru1547@lionstate.edu,CHEM111,2
sni6517@lionstate.edu,EE311,2
mgu2556@lionstate.edu,CHEM111,1
ora1051@lionstate.edu,STAT414,1
mde6918@lionstate.edu,CMPEN331,1
jku6715@lionstate.edu,DS120,1
kda1105@lionstate.edu,CMPSC475,2
mot4366@lionstate.edu,STAT319,1
mgu4156@lionstate.edu,CSE543,1
nmo6638@lionstate.edu,STAT414,2
sre9441@lionstate.edu,EE330,1
mwa9361@lionstate.edu,CSE583,2
lto9285@lionstate.edu,PHYS211,1
mba8566@lionstate.edu,CMPSC497,2
scr5917@lionstate.edu,CMPEN431,1
mal6483@lionstate.edu,CMPEN331,1
mbe7846@lionstate.edu,MATH141,2
tbo6140@lionstate.edu,EE210,2
jgi1267@lionstate.edu,CMPEN454,1
ycr2698@lionstate.edu,DS220,1
nla5784@lionstate.edu,CMPSC465,2
mgo7391@lionstate.edu,CMPSC475,2
tar1494@lionstate.edu,EE340,2
jca6758@lionstate.edu,PHYS211,1
mro5260@lionstate.edu,EE210,1
mja5716@lionstate.edu,EE212,2
lmc7976@lionstate.edu,CMPSC131,2
mte9606@lionstate.edu,ECON201,2
mor8879@lionstate.edu,ECON201,2
mlo6731@lionstate.edu,MATH141,1
mgr1249@lionstate.edu,CMPEN362,1
lly4642@lionstate.edu,MATH141,1
mdo7786@lionstate.edu,CMPEN362,1
jdi6068@lionstate.edu,CMPSC360,2
sko1421@lionstate.edu,MATH141,1
mtr7454@lionstate.edu,CHEM110,2
mmc4653@lionstate.edu,CMPSC131,2
nwi5569@lionstate.edu,IST558,1
tdo6032@lionstate.edu,CMPSC431W,2
jwo9868@lionstate.edu,CMPSC497,1
spa6019@lionstate.edu,CMPSC221,1
mli3321@lionstate.edu,MATH141,1
kcr5457@lionstate.edu,DS120,2
ld'3923@lionstate.edu,CHEM112,2
oca4581@lionstate.edu,IST128,2
mab6845@lionstate.edu,EE340,1
jhe3279@lionstate.edu,MATH231,1
mde2599@lionstate.edu,CMPEN454,1
rma3714@lionstate.edu,CMPEN454,2
ogo3872@lionstate.edu,CMPSC475,1
mar6527@lionstate.edu,CMPEN351,2
kks7927@lionstate.edu,CMPEN411,2
jja6275@lionstate.edu,CHEM111,1
lha1165@lionstate.edu,CMPEN431,1
lro5092@lionstate.edu,EE330,2
rro8624@lionstate.edu,EE340,2
xbe4075@lionstate.edu,CMPSC221,1
mbe5897@lionstate.edu,STAT319,1
msp2396@lionstate.edu,PHYS214,2
lma3997@lionstate.edu,EE353,2
jad9991@lionstate.edu,EE212,2
zok8115@lionstate.edu,EE320,2
lra5429@lionstate.edu,EE212,1
kto3075@lionstate.edu,ECON102,1
lha1007@lionstate.edu,CMPSC448,1
mja6914@lionstate.edu,CMPEN270,2
mo'2102@lionstate.edu,CHEM112,1
mra9348@lionstate.edu,STAT319,1
rra2944@lionstate.edu,CMPEN411,1
sei2746@lionstate.edu,EE211,2
jma9081@lionstate.edu,MATH231,1
zgo6248@lionstate.edu,DS220,2
mte5290@lionstate.edu,CHEM112,1
khe4237@lionstate.edu,DS220,1
rto9639@lionstate.edu,CMPSC132,1
jre4487@lionstate.edu,CMPEN454,1
mco4950@lionstate.edu,EE311,1
ocr4281@lionstate.edu,ECON201,2
ppo3674@lionstate.edu,CMPSC132,2
sro6593@lionstate.edu,MATH141,1
mbe8122@lionstate.edu,PHYS214,2
mta1412@lionstate.edu,EE211,2
ssc5113@lionstate.edu,EE210,2
lto8681@lionstate.edu,ECON201,1
mmo9633@lionstate.edu,STAT318,2
mku3286@lionstate.edu,CMPSC311,1
jku4357@lionstate.edu,CSE583,1
lcr9996@lionstate.edu,CMPSC131,2
jst7299@lionstate.edu,MATH231,1
ssc3796@lionstate.edu,MATH140,2
mad5228@lionstate.edu,PHYS213,2
swa2238@lionstate.edu,CHEM111,1
sma7982@lionstate.edu,DS120,2
mlu2848@lionstate.edu,EE340,1
khe2935@lionstate.edu,ECON101,2
kte7157@lionstate.edu,CMPSC497,2
kri6727@lionstate.edu,CHEM112,1
kor8639@lionstate.edu,PHYS213,2
mfi6371@lionstate.edu,CMPSC311,2
mkr4574@lionstate.edu,IST128,2
smu8714@lionstate.edu,ECON102,2
rbi9155@lionstate.edu,CMPSC132,1
jro5974@lionstate.edu,EE330,1
ktr6772@lionstate.edu,EE352,1
wda9016@lionstate.edu,CHEM112,2
rfa8532@lionstate.edu,CMPSC311,1
mne6555@lionstate.edu,CMPEN351,2
sre4987@lionstate.edu,CMPEN270,2
tmc7639@lionstate.edu,ECON201,2
lsc9165@lionstate.edu,DS220,1
rra4659@lionstate.edu,IST110,2
qjo2835@lionstate.edu,CMPSC461,1
jpr1678@lionstate.edu,ECON101,1
msm4734@lionstate.edu,STAT318,2
smc5761@lionstate.edu,CMPEN270,2
mpo6230@lionstate.edu,CMPSC311,2
mda7325@lionstate.edu,CMPEN411,1
mcr8647@lionstate.edu,STAT319,2
wan5226@lionstate.edu,CMPEN351,2
mpa1579@lionstate.edu,CMPSC360,1
vle9800@lionstate.edu,CMPSC497,1
mde4739@lionstate.edu,CMPEN362,1
rhu1999@lionstate.edu,EE211,1
mco7612@lionstate.edu,CHEM112,2
jha8710@lionstate.edu,EE212,1
ivo1134@lionstate.edu,CMPEN362,1
ire9271@lionstate.edu,PHYS211,1
mro8475@lionstate.edu,CHEM110,2
rro5798@lionstate.edu,CMPSC448,2
rhu3482@lionstate.edu,EE353,2
mja6117@lionstate.edu,DS120,2
mma4302@lionstate.edu,ECON201,1
mam2014@lionstate.edu,CMPEN331,2
jma7277@lionstate.edu,EE340,2
mzi4705@lionstate.edu,CMPEN362,1
kmc2382@lionstate.edu,CHEM110,1
omu5991@lionstate.edu,CMPSC221,2
jma1975@lionstate.edu,MATH230,2
jke6352@lionstate.edu,CMPEN431,1
rle2901@lionstate.edu,CMPEN362,2
mgr5494@lionstate.edu,IST128,2
lbe3921@lionstate.edu,DS120,2
ppa6961@lionstate.edu,PHYS211,2
swa7358@lionstate.edu,CSE583,1
lmo1800@lionstate.edu,DS220,2
mha4751@lionstate.edu,EE211,1
kwi7687@lionstate.edu,CMPSC311,2
pab5129@lionstate.edu,IST558,2
swi5077@lionstate.edu,EE211,2
rla2797@lionstate.edu,IST110,2
sbr3123@lionstate.edu,EE211,1
lmo4016@lionstate.edu,MATH141,1
mmc7342@lionstate.edu,STAT319,2
sdo3750@lionstate.edu,EE340,1
mzi8291@lionstate.edu,CHEM110,2
mom6938@lionstate.edu,CSE583,1
msc9287@lionstate.edu,ECON101,2
wru8295@lionstate.edu,DS120,2
oup4229@lionstate.edu,MATH141,1
mli2334@lionstate.edu,DS220,2
lhe3112@lionstate.edu,ECON102,1
rsc9635@lionstate.edu,CMPEN411,1
mbr9751@lionstate.edu,STAT319,2
mhi9404@lionstate.edu,DS120,2
sgr1450@lionstate.edu,ECON201,2
slu4029@lionstate.edu,CHEM111,2
tzu3964@lionstate.edu,EE352,2
bkr1614@lionstate.edu,ECON102,1
afe9226@lionstate.edu,EE211,2
atr7724@lionstate.edu,DS120,2
bbe1971@lionstate.edu,CMPEN441,1
abl5494@lionstate.edu,DS220,1
asc7849@lionstate.edu,EE352,2
asc2462@lionstate.edu,EE353,1
amc6705@lionstate.edu,CHEM110,1
abe7143@lionstate.edu,EE353,2
abu4594@lionstate.edu,IST110,1
agl6867@lionstate.edu,MATH231,1
aer4333@lionstate.edu,CMPSC497,1
asc3862@lionstate.edu,CSE583,2
asp5352@lionstate.edu,DS220,1
aho2701@lionstate.edu,IST128,2
acr7084@lionstate.edu,CSE583,2
bst2160@lionstate.edu,CMPSC431W,2
ari8290@lionstate.edu,CMPEN454,1
bke6313@lionstate.edu,ECON101,2
ahe6284@lionstate.edu,CMPEN351,2
ast8005@lionstate.edu,CMPEN362,1
aha8564@lionstate.edu,MATH140,1
bly7859@lionstate.edu,PHYS213,2
bpa6768@lionstate.edu,CMPEN270,2
ahe1279@lionstate.edu,CMPEN411,2
awa9571@lionstate.edu,CMPEN351,1
apa2541@lionstate.edu,CHEM111,1
awa1809@lionstate.edu,CMPEN351,1
abr2628@lionstate.edu,MATH141,1
asi6829@lionstate.edu,EE212,2
awi4582@lionstate.edu,ECON102,2
abl8902@lionstate.edu,CMPSC311,2
ayo6298@lionstate.edu,EE211,1
ama3077@lionstate.edu,PHYS213,1
co'1788@lionstate.edu,CMPSC431W,1
bgi3522@lionstate.edu,ECON201,1
czb9309@lionstate.edu,CMPEN454,1
cha9704@lionstate.edu,CMPEN454,2
ama6515@lionstate.edu,MATH140,2
cgi1101@lionstate.edu,CMPSC221,1
cha2583@lionstate.edu,CMPSC131,1
cdo9201@lionstate.edu,EE352,2
bbe7235@lionstate.edu,PHYS214,1
aje9160@lionstate.edu,CMPSC461,2
csp7875@lionstate.edu,EE212,1
ali7453@lionstate.edu,CHEM110,2
dgo8205@lionstate.edu,CMPSC311,1
awi7768@lionstate.edu,PHYS214,2
bre4160@lionstate.edu,EE212,2
cbi3526@lionstate.edu,MATH231,1
dhu6635@lionstate.edu,MATH140,1
bpa2803@lionstate.edu,CMPEN441,2
cgu3158@lionstate.edu,CMPEN351,1
cos1799@lionstate.edu,CMPSC132,2
dka4769@lionstate.edu,IST558,1
ago3924@lionstate.edu,ECON102,1
bha9246@lionstate.edu,CMPEN411,2
ast8438@lionstate.edu,CMPSC132,1
bko7832@lionstate.edu,CSE583,2
dsh8625@lionstate.edu,MATH230,2
acr2307@lionstate.edu,IST110,1
cku1462@lionstate.edu,STAT415,2
cfl5329@lionstate.edu,STAT415,1
bre8066@lionstate.edu,CMPSC497,1
cre5153@lionstate.edu,CMPEN441,1
che7946@lionstate.edu,CHEM111,2
dhe6440@lionstate.edu,PHYS211,1
bja8759@lionstate.edu,EE320,1
chi8541@lionstate.edu,CHEM112,2
aku9191@lionstate.edu,MATH140,1
ago2420@lionstate.edu,CMPEN331,1
bbe6804@lionstate.edu,CMPSC475,2
awi6807@lionstate.edu,MATH231,2
cra1384@lionstate.edu,CMPSC132,2
cni4777@lionstate.edu,CMPSC132,1
bmu5779@lionstate.edu,ECON102,2
cru1287@lionstate.edu,ECON102,2
abr2910@lionstate.edu,CMPSC465,1
cro4659@lionstate.edu,DS220,2
asc7710@lionstate.edu,CMPSC132,1
bbi5217@lionstate.edu,DS120,1
cwi9696@lionstate.edu,EE320,1
amu1271@lionstate.edu,CMPSC475,2
cbr3311@lionstate.edu,ECON101,1
ahu9998@lionstate.edu,ECON101,1
bhu8777@lionstate.edu,CMPSC465,2
cke5626@lionstate.edu,CMPEN431,2
cre3514@lionstate.edu,CMPSC311,1
aan1394@lionstate.edu,CMPEN331,2
cre5333@lionstate.edu,CMPSC448,2
cti9525@lionstate.edu,CMPEN441,1
bwi3191@lionstate.edu,IST110,2
cgr2892@lionstate.edu,DS120,2
cch7675@lionstate.edu,MATH231,2
cco4658@lionstate.edu,EE212,2
car7539@lionstate.edu,DS120,1
cqu9106@lionstate.edu,PHYS212,1
cni4297@lionstate.edu,CHEM112,2
bla8825@lionstate.edu,CMPSC311,1
ban4029@lionstate.edu,STAT414,2
cwi9611@lionstate.edu,IST110,2
cma2608@lionstate.edu,MATH140,1
cke2909@lionstate.edu,IST110,1
con6570@lionstate.edu,CMPEN362,1
csc4424@lionstate.edu,CMPEN441,1
bco6864@lionstate.edu,CMPEN431,1
afe8207@lionstate.edu,MATH230,2
amo1787@lionstate.edu,EE211,2
bpa4624@lionstate.edu,EE320,2
cwe7743@lionstate.edu,DS220,2
bla3620@lionstate.edu,CMPSC221,2
csp1832@lionstate.edu,CHEM111,1
aha9580@lionstate.edu,DS120,1
csc4465@lionstate.edu,PHYS213,1
bke2342@lionstate.edu,CHEM111,1
che2186@lionstate.edu,CMPSC221,2
aro5610@lionstate.edu,EE211,2
bmu2685@lionstate.edu,EE330,1
bsh2898@lionstate.edu,CMPSC360,2
cau6355@lionstate.edu,STAT318,1
cba9384@lionstate.edu,CMPEN331,2
dho6824@lionstate.edu,CMPSC131,1
ali8320@lionstate.edu,CMPEN454,1
aku5912@lionstate.edu,EE210,2
cal6530@lionstate.edu,EE340,2
ast1417@lionstate.edu,PHYS214,2
cke2083@lionstate.edu,DS220,2
dro6812@lionstate.edu,CMPSC132,1
csc6517@lionstate.edu,CMPSC461,1
bdo2641@lionstate.edu,CMPEN331,2
ble4792@lionstate.edu,EE353,2
bol9798@lionstate.edu,ECON201,2
cke5290@lionstate.edu,IST110,1
agu4622@lionstate.edu,STAT415,1
bfa8479@lionstate.edu,CSE543,1
dba2379@lionstate.edu,MATH140,1
asc5301@lionstate.edu,CMPSC448,1
cda4101@lionstate.edu,EE353,1
aja6920@lionstate.edu,CMPSC461,2
aef3745@lionstate.edu,CMPEN270,1
cco1519@lionstate.edu,CMPSC461,1
bro8229@lionstate.edu,MATH231,1
dcr2568@lionstate.edu,CMPSC448,1
apo8918@lionstate.edu,CMPEN411,2
bbe8960@lionstate.edu,EE352,2
cpr2105@lionstate.edu,PHYS212,2
dhi1400@lionstate.edu,CMPEN351,1
ao'9620@lionstate.edu,CMPSC497,2
cst7897@lionstate.edu,CMPEN411,1
cwi9823@lionstate.edu,ECON201,1
cmu4682@lionstate.edu,EE210,2
abr4642@lionstate.edu,CSE543,2
cwa6554@lionstate.edu,IST128,2
awo8057@lionstate.edu,ECON102,1
cba7752@lionstate.edu,CMPEN270,1
btu9894@lionstate.edu,CMPEN411,1
cst5445@lionstate.edu,CHEM112,1
dbo6055@lionstate.edu,CMPEN411,2
csi7325@lionstate.edu,EE210,1
eho2438@lionstate.edu,STAT415,1
gla6703@lionstate.edu,EE330,2
eul3401@lionstate.edu,ECON101,2
gje5238@lionstate.edu,EE210,2
fem3105@lionstate.edu,CMPEN351,1
ewa3673@lionstate.edu,EE211,2
eda6907@lionstate.edu,EE353,2
gpa9063@lionstate.edu,CMPEN411,2
isc1736@lionstate.edu,EE352,1
iem2812@lionstate.edu,CMPEN431,2
eko8983@lionstate.edu,EE210,2
gja2457@lionstate.edu,EE352,2
dgu6109@lionstate.edu,EE311,1
emo2262@lionstate.edu,EE330,2
dbu9499@lionstate.edu,IST110,2
gle6196@lionstate.edu,MATH140,1
das7737@lionstate.edu,CMPSC221,2
eda3706@lionstate.edu,DS220,2
gri9899@lionstate.edu,CMPSC360,1
fko5077@lionstate.edu,EE353,1
eau5556@lionstate.edu,EE320,2
dle5410@lionstate.edu,CMPEN270,1
dka3721@lionstate.edu,CSE543,2
do'6054@lionstate.edu,CMPEN351,2
ewa2037@lionstate.edu,MATH231,1
dwu9169@lionstate.edu,EE340,2
fo'6167@lionstate.edu,MATH231,1
don6643@lionstate.edu,CMPSC360,1
dle3899@lionstate.edu,IST558,1
hco5500@lionstate.edu,CMPEN362,1
fwi8821@lionstate.edu,PHYS214,1
fbe8649@lionstate.edu,CMPEN351,2
ejo5512@lionstate.edu,PHYS214,1
gsp6165@lionstate.edu,DS120,2
hsc7353@lionstate.edu,IST110,2
ere1755@lionstate.edu,CMPSC221,1
gba7661@lionstate.edu,ECON102,2
eha5861@lionstate.edu,EE340,1
dsc6643@lionstate.edu,STAT318,1
dwi1180@lionstate.edu,EE353,2
ebe7690@lionstate.edu,CMPSC311,1
gbr1918@lionstate.edu,MATH141,1
ebo5772@lionstate.edu,EE212,1
fmu1882@lionstate.edu,EE330,2
ili9357@lionstate.edu,CMPEN454,2
ebe1511@lionstate.edu,STAT319,2
gbe6590@lionstate.edu,CMPEN331,2
elo4775@lionstate.edu,CMPSC475,1
dza5980@lionstate.edu,EE210,1
emi8232@lionstate.edu,CMPSC448,1
dde2898@lionstate.edu,CMPSC465,2
hbe2422@lionstate.edu,CMPSC465,2
dul8690@lionstate.edu,EE330,1
dos5296@lionstate.edu,CMPSC431W,2
hha5862@lionstate.edu,MATH231,2
gli8369@lionstate.edu,PHYS212,2
dsy2833@lionstate.edu,PHYS214,2
eja9335@lionstate.edu,CMPSC131,1
dto9651@lionstate.edu,CMPSC221,1
gha1127@lionstate.edu,MATH140,1
dgr2584@lionstate.edu,EE340,1
hqu9235@lionstate.edu,PHYS214,1
dli7331@lionstate.edu,EE320,2
fke9331@lionstate.edu,EE352,1
hsc9271@lionstate.edu,MATH230,1
ega5701@lionstate.edu,ECON201,1
eha3605@lionstate.edu,CMPEN270,2
dgr3445@lionstate.edu,EE311,1
ewi7719@lionstate.edu,EE320,1
dra6398@lionstate.edu,MATH140,2
iba6268@lionstate.edu,CMPSC461,2
efe7194@lionstate.edu,STAT414,1
hsa7005@lionstate.edu,CMPEN431,2
dhe4675@lionstate.edu,STAT318,1
glu5165@lionstate.edu,DS220,1
gro7380@lionstate.edu,PHYS211,2
hmc3828@lionstate.edu,PHYS214,1
era1993@lionstate.edu,CMPSC311,1
ekr7262@lionstate.edu,CMPEN441,1
gro1175@lionstate.edu,CMPSC360,2
fwi1167@lionstate.edu,CMPEN454,1
fco4453@lionstate.edu,CMPEN454,2
hho2415@lionstate.edu,DS220,1
dgl1808@lionstate.edu,STAT415,1
dpr1912@lionstate.edu,ECON102,1
gda4655@lionstate.edu,CMPSC132,1
dgu3121@lionstate.edu,ECON101,1
gri9047@lionstate.edu,EE210,1
dka8555@lionstate.edu,CMPSC131,1
fru9222@lionstate.edu,EE330,1
hco6423@lionstate.edu,CMPEN454,1
fan4600@lionstate.edu,CMPSC475,1
ffe7299@lionstate.edu,CMPSC461,2
gje9368@lionstate.edu,PHYS211,2
dke5393@lionstate.edu,CMPEN411,2
gha3078@lionstate.edu,CMPSC131,2
gsc7459@lionstate.edu,IST128,2
ebo8800@lionstate.edu,CMPSC465,2
dth9255@lionstate.edu,CMPSC360,1
emu6564@lionstate.edu,PHYS212,1
hha5390@lionstate.edu,STAT319,2
eha9004@lionstate.edu,ECON201,2
hma5409@lionstate.edu,CMPEN441,2
equ5569@lionstate.edu,IST110,2
hwi7295@lionstate.edu,CMPSC431W,2
ewa4239@lionstate.edu,CMPSC465,1
eku6733@lionstate.edu,CSE543,1
dmo3632@lionstate.edu,CMPEN270,1
eru8875@lionstate.edu,CMPEN362,2
ewi7053@lionstate.edu,CMPEN270,1
gpf4338@lionstate.edu,CSE583,1
dhi2046@lionstate.edu,CMPSC475,2
eor3911@lionstate.edu,CMPSC132,1
dar8112@lionstate.edu,CMPSC465,1
gdo2323@lionstate.edu,CMPSC221,2
dmo8469@lionstate.edu,CMPSC465,2
djo7177@lionstate.edu,STAT415,1
dgo7552@lionstate.edu,MATH140,2
iwe8564@lionstate.edu,CMPSC431W,2
dsw8653@lionstate.edu,STAT414,1
dsc8667@lionstate.edu,CMPEN351,1
hla2951@lionstate.edu,MATH140,2
dwe7522@lionstate.edu,EE340,2
fto3481@lionstate.edu,CMPSC465,1
fsc6641@lionstate.edu,CMPEN431,1
dsc6224@lionstate.edu,CMPSC461,2
est8109@lionstate.edu,CMPSC475,1
gtu8968@lionstate.edu,CMPEN441,1
dca4962@lionstate.edu,IST128,1
eke2974@lionstate.edu,CHEM112,2
fgo6601@lionstate.edu,MATH140,2
dau4671@lionstate.edu,EE210,1
fst4172@lionstate.edu,CMPSC475,2
ewu3608@lionstate.edu,EE211,2
hha4579@lionstate.edu,PHYS214,2
gdi6403@lionstate.edu,EE330,2
gho9279@lionstate.edu,PHYS212,1
hbe9043@lionstate.edu,CMPSC131,2
dlu5342@lionstate.edu,IST110,1
fwi4093@lionstate.edu,CMPSC461,2
gbo5236@lionstate.edu,CMPSC360,1
eda1662@lionstate.edu,EE311,1
ero7419@lionstate.edu,EE211,1
eje5154@lionstate.edu,ECON102,1
gsh4183@lionstate.edu,IST558,2
dmo5043@lionstate.edu,CMPEN362,2
fho6099@lionstate.edu,CMPSC132,2
gri8843@lionstate.edu,CMPSC475,2
hmo1766@lionstate.edu,CMPSC360,1
egr8661@lionstate.edu,ECON101,2
emo9364@lionstate.edu,PHYS213,1
ego5088@lionstate.edu,STAT319,1
dco3584@lionstate.edu,PHYS213,2
eos2514@lionstate.edu,CHEM110,1
ekr7111@lionstate.edu,CMPSC221,2
ibl7919@lionstate.edu,EE210,2
dll1126@lionstate.edu,CHEM110,1
ghe6923@lionstate.edu,CSE583,2
dca7691@lionstate.edu,CHEM111,2
ema3198@lionstate.edu,EE340,2
dko7141@lionstate.edu,CMPSC221,2
gsc8857@lionstate.edu,MATH230,1
gpo8007@lionstate.edu,PHYS213,2
esc3235@lionstate.edu,ECON102,1
dsc1531@lionstate.edu,ECON201,2
era5006@lionstate.edu,CMPSC132,2
dos4686@lionstate.edu,MATH141,2
ero6656@lionstate.edu,CSE583,2
dsp8278@lionstate.edu,EE212,1
dgu2182@lionstate.edu,CMPEN331,1
dru6558@lionstate.edu,MATH141,1
era8695@lionstate.edu,EE353,1
gco1287@lionstate.edu,CSE583,2
dau3899@lionstate.edu,EE311,2
gke6046@lionstate.edu,ECON101,1
hst8869@lionstate.edu,CMPEN270,1
hbo6532@lionstate.edu,EE311,2
hdu6288@lionstate.edu,EE311,1
dma2479@lionstate.edu,CHEM112,2
esm5729@lionstate.edu,ECON201,1
emc1573@lionstate.edu,CMPEN362,1
dre1763@lionstate.edu,EE210,2
dwe1922@lionstate.edu,CHEM110,2
dha8330@lionstate.edu,CMPSC311,2
evo3410@lionstate.edu,CMPEN441,2
gwa4795@lionstate.edu,EE320,1
dre1837@lionstate.edu,CMPSC431W,2
dha4724@lionstate.edu,EE212,2
dcr5796@lionstate.edu,MATH231,2
fho3009@lionstate.edu,CMPSC311,1
ewi3696@lionstate.edu,MATH141,1
eba8031@lionstate.edu,EE212,1
fru6436@lionstate.edu,CSE543,1
ebl1301@lionstate.edu,EE352,2
eef9004@lionstate.edu,MATH230,2
ero4695@lionstate.edu,EE352,2
dan1283@lionstate.edu,EE212,2
dru1153@lionstate.edu,CMPSC132,1
eja4563@lionstate.edu,CMPSC311,1
dfo8788@lionstate.edu,MATH230,1
dsa5269@lionstate.edu,CMPEN441,2
hko4058@lionstate.edu,CMPEN351,1
dgi6063@lionstate.edu,CMPEN362,2
ema6571@lionstate.edu,CHEM112,1
gku4413@lionstate.edu,PHYS213,2
gcu8420@lionstate.edu,CMPSC131,1
djo8575@lionstate.edu,CMPEN431,2
hru3139@lionstate.edu,PHYS211,2
fbe3368@lionstate.edu,PHYS213,1
del6081@lionstate.edu,CMPEN331,2
fma3537@lionstate.edu,CMPSC132,2
fry4954@lionstate.edu,IST558,1
dla7510@lionstate.edu,EE210,1
dfl8617@lionstate.edu,IST558,2
aly8942@lionstate.edu,EE212,1
amu1270@lionstate.edu,IST110,1
aki5907@lionstate.edu,MATH231,1
ash5820@lionstate.edu,CMPEN431,2
ale8219@lionstate.edu,CMPSC461,1
ale8939@lionstate.edu,PHYS213,1
ahi5324@lionstate.edu,STAT414,1
abe4600@lionstate.edu,CMPEN270,1
akr4205@lionstate.edu,STAT414,1
ato9019@lionstate.edu,IST558,1
asc2712@lionstate.edu,CMPSC360,1
aha9325@lionstate.edu,EE353,2
abo7856@lionstate.edu,CMPEN351,2
atr9605@lionstate.edu,CMPSC221,2
aok9861@lionstate.edu,CSE583,2
ali8897@lionstate.edu,ECON102,2
abe6138@lionstate.edu,EE212,2
ale7189@lionstate.edu,EE210,2
aja3132@lionstate.edu,EE210,1
aro5704@lionstate.edu,CHEM111,1
amo7945@lionstate.edu,MATH230,1
ast1122@lionstate.edu,MATH231,1
azu5256@lionstate.edu,MATH140,2
abo9166@lionstate.edu,CHEM110,1
apa5949@lionstate.edu,IST558,1
aga6525@lionstate.edu,CMPSC448,1
ami4349@lionstate.edu,CMPEN454,1
abr9092@lionstate.edu,EE353,2
ahe1989@lionstate.edu,STAT319,1
ade2931@lionstate.edu,CHEM111,2
awi2065@lionstate.edu,ECON201,2
lje9488@lionstate.edu,CHEM112,1
rbr2525@lionstate.edu,DS120,2
ldi6656@lionstate.edu,CMPSC475,1
mdi4539@lionstate.edu,CMPSC360,2
kfa9089@lionstate.edu,CMPEN331,1
pzi2408@lionstate.edu,CHEM111,1
mru3359@lionstate.edu,CMPSC132,2
sco1712@lionstate.edu,CMPSC448,1
tpa5190@lionstate.edu,PHYS214,1
ihi8422@lionstate.edu,CMPEN362,1
mel3938@lionstate.edu,STAT319,1
pri2221@lionstate.edu,STAT415,2
nku3451@lionstate.edu,EE210,1
jze6681@lionstate.edu,CMPSC431W,1
jpa6316@lionstate.edu,EE353,2
lke7167@lionstate.edu,EE353,1
kst7090@lionstate.edu,STAT415,1
mst7516@lionstate.edu,CMPEN411,1
ihu2594@lionstate.edu,CMPSC497,2
sma8389@lionstate.edu,CMPEN411,2
jsc7283@lionstate.edu,DS120,1
mbl5527@lionstate.edu,CMPSC475,2
rmc1213@lionstate.edu,EE311,1
mge3655@lionstate.edu,ECON102,1
kca7584@lionstate.edu,CMPSC311,1
rhi3330@lionstate.edu,ECON201,1
jha3634@lionstate.edu,CMPSC131,1
mse3018@lionstate.edu,EE210,2
jle7688@lionstate.edu,EE340,1
mre6097@lionstate.edu,MATH141,1
mar7316@lionstate.edu,EE353,2
rbo4096@lionstate.edu,STAT415,2
jco8261@lionstate.edu,CMPSC465,2
kgu3649@lionstate.edu,IST128,1
lgr2017@lionstate.edu,CMPSC465,2
sgr6837@lionstate.edu,CHEM112,1
tpr4269@lionstate.edu,DS120,2
sbo2144@lionstate.edu,PHYS212,2
mha5312@lionstate.edu,PHYS211,2
vsa8991@lionstate.edu,MATH230,1
mma8341@lionstate.edu,MATH141,2
tgl2369@lionstate.edu,CHEM110,2
mku3151@lionstate.edu,EE340,2
sal4395@lionstate.edu,EE352,2
kni2503@lionstate.edu,CMPEN441,1
jki2803@lionstate.edu,PHYS213,1
mdu3807@lionstate.edu,CMPEN270,2
mch6748@lionstate.edu,CMPEN331,1
lla3945@lionstate.edu,IST110,2
mre5662@lionstate.edu,CHEM112,2
tba6345@lionstate.edu,CMPSC132,2
wmo7407@lionstate.edu,CMPSC448,2
jbr7032@lionstate.edu,CHEM111,1
ko'2102@lionstate.edu,CMPSC360,2
zjo1462@lionstate.edu,CMPSC465,2
mba9287@lionstate.edu,EE340,2
mru3829@lionstate.edu,MATH230,2
mde6603@lionstate.edu,CMPEN411,1
kmi8049@lionstate.edu,CSE583,2
sgl1030@lionstate.edu,MATH231,2
mst1558@lionstate.edu,CMPSC448,2
tmo8266@lionstate.edu,DS120,2
jgr3574@lionstate.edu,CMPEN351,1
ycr1322@lionstate.edu,EE352,2
sst9336@lionstate.edu,STAT414,1
rbo1548@lionstate.edu,CMPEN431,1
zre8115@lionstate.edu,CMPSC448,1
rch5723@lionstate.edu,CMPSC465,1
jtu5218@lionstate.edu,CMPEN431,2
lob8984@lionstate.edu,CMPEN331,1
tru4888@lionstate.edu,EE211,1
lru4870@lionstate.edu,CHEM110,1
xgr6403@lionstate.edu,CMPEN331,1
mel4420@lionstate.edu,STAT318,1
lre4938@lionstate.edu,ECON101,1
she6009@lionstate.edu,MATH231,1
lan4217@lionstate.edu,DS120,2
msc4152@lionstate.edu,CHEM110,2
tba6085@lionstate.edu,CMPSC475,2
mmu4907@lionstate.edu,PHYS214,2
tha7400@lionstate.edu,MATH141,2
kko5971@lionstate.edu,STAT318,1
ndo9422@lionstate.edu,IST110,1
sbr4537@lionstate.edu,EE330,2
rru5828@lionstate.edu,CMPSC360,1
mma5417@lionstate.edu,CMPSC221,1
mre1388@lionstate.edu,STAT319,2
lgi1280@lionstate.edu,MATH230,2
jor1361@lionstate.edu,CMPEN362,1
mar8229@lionstate.edu,CMPSC465,2
mcu4958@lionstate.edu,CMPSC465,2
rsc2927@lionstate.edu,CMPEN351,2
myv4130@lionstate.edu,CMPSC497,1
mvo3769@lionstate.edu,ECON102,1
vwi2326@lionstate.edu,CMPSC360,1
nre9702@lionstate.edu,DS120,1
mal1707@lionstate.edu,IST110,1
mco8919@lionstate.edu,CHEM110,2
lgo6567@lionstate.edu,STAT319,1
sha4650@lionstate.edu,CHEM112,2
mtu7648@lionstate.edu,CMPEN454,2
lto6036@lionstate.edu,ECON101,2
jwa5124@lionstate.edu,CHEM112,1
kro8698@lionstate.edu,STAT318,2
nfa5557@lionstate.edu,CMPSC221,1
md'3250@lionstate.edu,CHEM112,2
mbr4721@lionstate.edu,CSE583,1
mki9627@lionstate.edu,IST110,2
mka2323@lionstate.edu,ECON101,1
oco4309@lionstate.edu,CMPEN362,1
kma2934@lionstate.edu,CSE583,1
jsc1133@lionstate.edu,CMPEN331,2
jwi1131@lionstate.edu,EE330,2
vla3135@lionstate.edu,CMPSC448,1
pha3837@lionstate.edu,CMPEN411,2
mda8856@lionstate.edu,CMPSC497,2
jhe9677@lionstate.edu,EE211,1
mwh8884@lionstate.edu,CMPEN431,1
lda8145@lionstate.edu,CMPSC131,1
mca2641@lionstate.edu,PHYS211,2
lgi8755@lionstate.edu,EE210,2
mma7996@lionstate.edu,CMPSC360,2
rco1350@lionstate.edu,DS120,2
mze1101@lionstate.edu,ECON101,1
mle8029@lionstate.edu,PHYS212,2
nhi9400@lionstate.edu,CMPSC448,2
msc7404@lionstate.edu,CMPEN411,2
mpf1895@lionstate.edu,CMPSC448,1
lja7548@lionstate.edu,EE211,2
sro1687@lionstate.edu,CMPSC497,2
mti1005@lionstate.edu,CMPSC360,1
lda3697@lionstate.edu,MATH231,2
svo1567@lionstate.edu,EE330,1
kfa7315@lionstate.edu,IST128,2
rhe3959@lionstate.edu,PHYS213,1
vto8500@lionstate.edu,CMPEN362,1
lul2667@lionstate.edu,CMPSC497,2
lbe3298@lionstate.edu,EE210,2
kba3267@lionstate.edu,MATH141,1
rve7599@lionstate.edu,IST110,2
mlo5294@lionstate.edu,CHEM110,2
mjo3251@lionstate.edu,EE311,1
jfr4395@lionstate.edu,MATH141,2
ltu9306@lionstate.edu,IST110,2
jsw5249@lionstate.edu,CMPEN362,1
rfe9835@lionstate.edu,PHYS211,1
jst9690@lionstate.edu,STAT318,1
kka3493@lionstate.edu,CMPEN331,1
mra5395@lionstate.edu,CMPEN411,2
ver7410@lionstate.edu,CSE543,2
mlo6590@lionstate.edu,CMPSC461,1
ldi8835@lionstate.edu,IST128,2
jku5047@lionstate.edu,CMPSC497,1
ina3083@lionstate.edu,EE320,2
pbe5438@lionstate.edu,EE320,1
rfr7251@lionstate.edu,MATH231,1
mni1754@lionstate.edu,MATH230,1
sma6410@lionstate.edu,EE311,2
lja5065@lionstate.edu,CMPEN431,2
wru6659@lionstate.edu,MATH230,2
wle7976@lionstate.edu,ECON102,2
jri3730@lionstate.edu,CHEM112,2
nsc1496@lionstate.edu,CMPEN351,2
msh8653@lionstate.edu,CMPSC311,2
nan2109@lionstate.edu,CMPEN431,2
lsc8583@lionstate.edu,CMPEN331,2
sma9638@lionstate.edu,IST110,2
rro3378@lionstate.edu,EE320,1
lwo9519@lionstate.edu,ECON201,1
ila1616@lionstate.edu,EE352,2
mgi5972@lionstate.edu,EE340,1
mor3944@lionstate.edu,EE311,1
pwi6256@lionstate.edu,CMPEN454,1
lma5523@lionstate.edu,ECON201,1
mja9477@lionstate.edu,PHYS211,2
pco3542@lionstate.edu,CMPEN270,2
mfr1531@lionstate.edu,CHEM111,2
jbr5742@lionstate.edu,CMPSC360,1
mad6762@lionstate.edu,ECON201,2
lfr5699@lionstate.edu,CMPEN331,1
jhu6059@lionstate.edu,CSE583,1
rba4716@lionstate.edu,EE212,2
mra1173@lionstate.edu,ECON102,2
mla7040@lionstate.edu,ECON102,2
mke5035@lionstate.edu,CHEM112,2
ncu7389@lionstate.edu,EE320,2
mjo9620@lionstate.edu,CMPEN441,1
mei1629@lionstate.edu,EE311,2
mke4315@lionstate.edu,MATH141,2
myo1601@lionstate.edu,CMPSC465,1
jmc9625@lionstate.edu,ECON102,2
ufa3951@lionstate.edu,MATH230,1
mre4255@lionstate.edu,EE311,1
mba6793@lionstate.edu,CMPEN331,2
jku3642@lionstate.edu,CMPEN441,1
ysc5785@lionstate.edu,EE212,1
rfr5648@lionstate.edu,PHYS214,2
no'3158@lionstate.edu,EE311,2
lco5380@lionstate.edu,EE210,2
ohe2838@lionstate.edu,MATH231,2
jco2499@lionstate.edu,CMPSC132,2
mmi5755@lionstate.edu,ECON102,1
jha5858@lionstate.edu,PHYS214,1
ikr7411@lionstate.edu,PHYS213,2
tke8544@lionstate.edu,STAT319,2
tsc4447@lionstate.edu,CMPSC497,1
kri1586@lionstate.edu,IST110,1
rkr9745@lionstate.edu,STAT318,1
sgr1392@lionstate.edu,CMPSC221,1
jlu8446@lionstate.edu,CMPSC360,2
kha2564@lionstate.edu,EE210,1
mel9711@lionstate.edu,CMPSC497,1
jli1535@lionstate.edu,CMPEN270,1
swe4161@lionstate.edu,PHYS212,1
kho2978@lionstate.edu,PHYS212,1
mni8737@lionstate.edu,EE353,1
mth7915@lionstate.edu,ECON102,2
pfa7621@lionstate.edu,CMPSC465,2
mcr6774@lionstate.edu,CMPSC497,2
mve7191@lionstate.edu,EE353,2
kku3945@lionstate.edu,MATH231,2
oki8339@lionstate.edu,STAT319,2
mti9840@lionstate.edu,STAT318,1
lbo3169@lionstate.edu,CSE583,1
lhi8879@lionstate.edu,CMPSC131,1
mni9530@lionstate.edu,CHEM111,1
kab2618@lionstate.edu,MATH231,1
ttu9759@lionstate.edu,CMPSC360,2
mru8732@lionstate.edu,STAT414,2
mau5121@lionstate.edu,EE210,1
mre1486@lionstate.edu,EE212,1
osi6913@lionstate.edu,EE330,2
mis3774@lionstate.edu,IST558,1
mje1517@lionstate.edu,CHEM110,1
pwh2002@lionstate.edu,CMPSC132,1
job4068@lionstate.edu,IST128,2
kle7587@lionstate.edu,STAT319,1
nsp6459@lionstate.edu,PHYS211,2
vre1108@lionstate.edu,IST558,2
mko8498@lionstate.edu,STAT318,1
tsc3180@lionstate.edu,ECON101,2
mje1294@lionstate.edu,MATH141,2
kpa6358@lionstate.edu,EE330,2
mem5259@lionstate.edu,CMPSC448,2
lhe3177@lionstate.edu,CMPSC475,1
kan9497@lionstate.edu,DS120,2
wan2968@lionstate.edu,EE211,2
lad3683@lionstate.edu,STAT318,1
kly7755@lionstate.edu,STAT318,1
jha3938@lionstate.edu,EE211,1
sbr1332@lionstate.edu,EE211,2
kba3474@lionstate.edu,CMPSC448,1
lvo2571@lionstate.edu,CMPEN411,2
mtr1113@lionstate.edu,PHYS214,2
zpr3563@lionstate.edu,CMPSC360,1
mru2747@lionstate.edu,EE211,2
wsm1648@lionstate.edu,STAT318,2
lwi5095@lionstate.edu,EE311,2
msh2018@lionstate.edu,STAT414,2
mja9753@lionstate.edu,CHEM112,2
jco7511@lionstate.edu,CMPEN331,1
mja4678@lionstate.edu,CMPSC221,1
jzi6855@lionstate.edu,STAT414,2
vol8061@lionstate.edu,CMPSC497,2
kst3418@lionstate.edu,ECON102,2
mty4698@lionstate.edu,CMPSC475,2
wsc7930@lionstate.edu,EE311,1
mda7609@lionstate.edu,CMPEN454,1
thi1019@lionstate.edu,CHEM111,2
mhe4861@lionstate.edu,CMPEN454,2
vko8312@lionstate.edu,EE340,1
mha1378@lionstate.edu,EE212,2
wwi6147@lionstate.edu,CHEM112,1
mke9858@lionstate.edu,STAT318,1
ubr7160@lionstate.edu,PHYS212,2
lhe8423@lionstate.edu,EE212,1
kfe1479@lionstate.edu,CSE543,1
sbr8378@lionstate.edu,EE352,1
mno6831@lionstate.edu,CMPSC448,1
ugr7753@lionstate.edu,STAT415,1
tku9442@lionstate.edu,EE311,2
ibe6293@lionstate.edu,STAT318,1
osa9043@lionstate.edu,CMPSC465,2
nef4231@lionstate.edu,CSE543,2
vgr9708@lionstate.edu,EE212,2
mra2135@lionstate.edu,PHYS211,2
kma6272@lionstate.edu,PHYS211,1
sja8550@lionstate.edu,DS220,1
wra7675@lionstate.edu,MATH140,2
mro4234@lionstate.edu,EE212,1
mal5609@lionstate.edu,CMPSC475,2
mgr9180@lionstate.edu,EE210,2
lha7423@lionstate.edu,CMPSC431W,2
zri4748@lionstate.edu,EE352,2
jgu4126@lionstate.edu,CMPEN431,2
oko6508@lionstate.edu,CHEM112,2
mwe9386@lionstate.edu,STAT319,1
sma8371@lionstate.edu,ECON201,1
mni4053@lionstate.edu,EE340,2
rma4418@lionstate.edu,IST128,2
jli6782@lionstate.edu,EE352,2
mli4220@lionstate.edu,CSE583,2
phe8657@lionstate.edu,EE311,2
mal7301@lionstate.edu,EE210,1
ppu8310@lionstate.edu,IST558,2
vke5227@lionstate.edu,CHEM112,1
rob6329@lionstate.edu,CMPSC475,2
tfa8623@lionstate.edu,IST110,2
pmi9309@lionstate.edu,CMPSC431W,2
kru3278@lionstate.edu,CMPEN441,1
mty9244@lionstate.edu,PHYS213,1
twi9118@lionstate.edu,PHYS214,1
ole5149@lionstate.edu,CMPEN454,1
jwa8464@lionstate.edu,CMPSC475,2
oku5496@lionstate.edu,CSE543,1
psh1860@lionstate.edu,STAT414,1
mpa1813@lionstate.edu,EE320,1
smu1729@lionstate.edu,EE211,1
tdi3644@lionstate.edu,IST558,2
sma4679@lionstate.edu,PHYS212,1
jpa9861@lionstate.edu,DS220,2
mga8559@lionstate.edu,CMPSC311,1
sgu3389@lionstate.edu,EE340,1
lor8820@lionstate.edu,PHYS211,2
mlu8397@lionstate.edu,CMPEN431,2
jst3903@lionstate.edu,IST128,1
mer6665@lionstate.edu,CMPSC465,1
mbr3753@lionstate.edu,CMPEN270,1
sgo5481@lionstate.edu,EE353,2
lto2510@lionstate.edu,CMPSC221,2
ptu5897@lionstate.edu,CMPEN454,1
wcr6243@lionstate.edu,ECON102,1
mma8740@lionstate.edu,CMPEN351,2
mam7283@lionstate.edu,PHYS214,2
jni8513@lionstate.edu,CMPSC475,1
mha9412@lionstate.edu,CMPEN270,1
jhi5936@lionstate.edu,CMPSC311,1
spa3052@lionstate.edu,CMPSC311,1
vno9310@lionstate.edu,CMPEN454,2
mja6189@lionstate.edu,ECON201,1
mhe4177@lionstate.edu,IST558,2
mpr9723@lionstate.edu,STAT415,2
mja3480@lionstate.edu,CMPEN331,2
mpe6095@lionstate.edu,EE212,1
mre4504@lionstate.edu,ECON102,1
kke9934@lionstate.edu,EE353,1
jma6502@lionstate.edu,STAT414,1
mmu3939@lionstate.edu,CMPEN351,1
jre6232@lionstate.edu,PHYS211,2
rqu7150@lionstate.edu,MATH141,2
tfa8479@lionstate.edu,CHEM110,1
obo2257@lionstate.edu,EE311,2
jdi5599@lionstate.edu,CMPSC431W,1
nbo5422@lionstate.edu,EE330,1
jsm3398@lionstate.edu,EE353,2
mtr9030@lionstate.edu,CMPSC431W,2
tbe7837@lionstate.edu,CHEM111,2
jfe5900@lionstate.edu,EE311,1
mja9711@lionstate.edu,MATH231,2
sle7671@lionstate.edu,ECON102,1
wgu6997@lionstate.edu,DS220,1
lba8615@lionstate.edu,IST558,2
kwe2447@lionstate.edu,CSE543,1
ldu5279@lionstate.edu,CMPEN362,1
nbe7364@lionstate.edu,STAT415,1
rke3219@lionstate.edu,CMPSC132,2
vpr8721@lionstate.edu,STAT415,2
mbr8262@lionstate.edu,IST128,2
rha9484@lionstate.edu,EE340,1
lwi3851@lionstate.edu,CMPEN431,2
mei3995@lionstate.edu,EE210,2
mpf9660@lionstate.edu,CMPEN331,2
ust9264@lionstate.edu,CMPSC360,2
mad9712@lionstate.edu,ECON101,1
mko2134@lionstate.edu,EE311,2
mad4966@lionstate.edu,CMPSC497,1
vyu4473@lionstate.edu,PHYS213,1
lwe4861@lionstate.edu,CSE543,2
nmo8196@lionstate.edu,CMPSC475,2
nba2747@lionstate.edu,CHEM110,2
msc4941@lionstate.edu,CMPEN331,2
mke8007@lionstate.edu,CMPSC461,2
rwa1680@lionstate.edu,ECON101,1
mru5673@lionstate.edu,PHYS214,2
kzi2319@lionstate.edu,CMPSC131,2
mla8288@lionstate.edu,CMPSC131,1
jdo5653@lionstate.edu,CHEM111,1
lku1009@lionstate.edu,EE340,1
jko6802@lionstate.edu,MATH230,1
jwe6460@lionstate.edu,MATH140,2
zwu7682@lionstate.edu,STAT415,2
jkr6557@lionstate.edu,CMPSC360,1
mni2107@lionstate.edu,CMPEN411,2
pha6738@lionstate.edu,PHYS211,1
jle1023@lionstate.edu,CSE583,2
mje1028@lionstate.edu,CMPEN454,2
nsi9812@lionstate.edu,IST558,2
lra3866@lionstate.edu,EE330,2
mes5352@lionstate.edu,EE212,1
mci7103@lionstate.edu,EE210,1
jke2667@lionstate.edu,CMPSC131,1
kbr9764@lionstate.edu,DS120,2
kqu2179@lionstate.edu,STAT415,2
mja2485@lionstate.edu,STAT414,2
tpr8421@lionstate.edu,STAT415,2
mel3476@lionstate.edu,STAT415,2
kbe8997@lionstate.edu,CMPSC132,2
sro2588@lionstate.edu,DS220,2
jha1078@lionstate.edu,MATH231,1
spr5193@lionstate.edu,CMPSC448,2
pmu4370@lionstate.edu,CMPEN441,2
tle9077@lionstate.edu,STAT319,1
imu2857@lionstate.edu,CMPSC497,1
sdo9870@lionstate.edu,EE320,2
pok5286@lionstate.edu,STAT415,1
wo'7278@lionstate.edu,EE311,2
mci5246@lionstate.edu,MATH141,1
mma4189@lionstate.edu,CMPEN454,2
nbe3401@lionstate.edu,CMPEN331,2
mmi9822@lionstate.edu,MATH141,2
vho3800@lionstate.edu,STAT319,1
mid8120@lionstate.edu,DS120,2
jst5934@lionstate.edu,MATH140,2
mtr4908@lionstate.edu,STAT319,1
oha3028@lionstate.edu,EE352,2
jbo2807@lionstate.edu,CMPSC311,1
jcr6700@lionstate.edu,STAT318,1
ksa5709@lionstate.edu,CMPSC131,1
sbe8426@lionstate.edu,EE330,1
mru1547@lionstate.edu,CMPEN454,2
sni6517@lionstate.edu,CMPEN351,1
mgu2556@lionstate.edu,CMPSC497,2
ora1051@lionstate.edu,CMPEN411,2
mde6918@lionstate.edu,MATH140,1
jku6715@lionstate.edu,DS220,2
kda1105@lionstate.edu,CMPSC132,1
mot4366@lionstate.edu,CHEM111,1
mgu4156@lionstate.edu,PHYS211,1
nmo6638@lionstate.edu,PHYS212,1
sre9441@lionstate.edu,CMPEN431,2
mwa9361@lionstate.edu,STAT319,1
lto9285@lionstate.edu,ECON102,2
mba8566@lionstate.edu,STAT318,2
scr5917@lionstate.edu,CMPSC311,1
mal6483@lionstate.edu,ECON101,2
mbe7846@lionstate.edu,CMPEN441,1
tbo6140@lionstate.edu,CMPSC465,1
jgi1267@lionstate.edu,MATH141,2
ycr2698@lionstate.edu,MATH230,2
nla5784@lionstate.edu,IST558,2
mgo7391@lionstate.edu,DS220,1
tar1494@lionstate.edu,PHYS212,2
jca6758@lionstate.edu,CMPEN270,2
mro5260@lionstate.edu,ECON101,2
mja5716@lionstate.edu,CMPSC475,1
lmc7976@lionstate.edu,CMPEN411,2
mte9606@lionstate.edu,CHEM112,2
mor8879@lionstate.edu,CMPSC131,2
mlo6731@lionstate.edu,IST128,1
mgr1249@lionstate.edu,CMPEN351,1
lly4642@lionstate.edu,MATH140,1
mdo7786@lionstate.edu,CMPSC461,1
jdi6068@lionstate.edu,CMPSC448,1
sko1421@lionstate.edu,CMPSC448,1
mtr7454@lionstate.edu,STAT319,1
mmc4653@lionstate.edu,CMPEN441,1
nwi5569@lionstate.edu,CHEM111,1
tdo6032@lionstate.edu,EE352,1
jwo9868@lionstate.edu,PHYS213,1
spa6019@lionstate.edu,PHYS214,2
mli3321@lionstate.edu,EE330,2
kcr5457@lionstate.edu,CMPEN441,2
ld'3923@lionstate.edu,CMPSC132,1
oca4581@lionstate.edu,EE311,2
mab6845@lionstate.edu,CMPSC431W,1
jhe3279@lionstate.edu,IST558,1
mde2599@lionstate.edu,STAT415,2
rma3714@lionstate.edu,CMPSC465,2
ogo3872@lionstate.edu,EE210,1
mar6527@lionstate.edu,IST110,2
kks7927@lionstate.edu,STAT319,2
jja6275@lionstate.edu,EE340,1
lha1165@lionstate.edu,PHYS214,2
lro5092@lionstate.edu,ECON201,2
rro8624@lionstate.edu,STAT319,1
xbe4075@lionstate.edu,PHYS212,1
mbe5897@lionstate.edu,CMPSC497,2
msp2396@lionstate.edu,CMPSC431W,2
lma3997@lionstate.edu,CHEM111,1
jad9991@lionstate.edu,IST110,1
zok8115@lionstate.edu,CMPSC221,2
lra5429@lionstate.edu,IST110,1
kto3075@lionstate.edu,EE353,1
lha1007@lionstate.edu,STAT318,1
mja6914@lionstate.edu,ECON201,1
mo'2102@lionstate.edu,CSE583,2
mra9348@lionstate.edu,CMPSC221,2
rra2944@lionstate.edu,IST558,2
sei2746@lionstate.edu,DS120,2
jma9081@lionstate.edu,PHYS211,2
zgo6248@lionstate.edu,CHEM110,1
mte5290@lionstate.edu,MATH231,1
khe4237@lionstate.edu,CMPSC475,2
rto9639@lionstate.edu,EE311,2
jre4487@lionstate.edu,CMPEN411,2
mco4950@lionstate.edu,CHEM112,1
ocr4281@lionstate.edu,CMPSC497,2
ppo3674@lionstate.edu,STAT318,1
sro6593@lionstate.edu,EE352,1
mbe8122@lionstate.edu,EE340,2
mta1412@lionstate.edu,EE352,2
ssc5113@lionstate.edu,CMPEN351,1
lto8681@lionstate.edu,CMPSC431W,1
mmo9633@lionstate.edu,CMPSC497,1
mku3286@lionstate.edu,EE330,1
jku4357@lionstate.edu,MATH141,1
lcr9996@lionstate.edu,CMPSC497,2
jst7299@lionstate.edu,STAT318,2
ssc3796@lionstate.edu,ECON101,1
mad5228@lionstate.edu,PHYS211,2
swa2238@lionstate.edu,CMPSC132,1
sma7982@lionstate.edu,EE311,2
mlu2848@lionstate.edu,STAT318,1
khe2935@lionstate.edu,MATH230,2
kte7157@lionstate.edu,CMPSC475,1
kri6727@lionstate.edu,IST558,2
kor8639@lionstate.edu,CMPSC360,2
mfi6371@lionstate.edu,CMPSC431W,1
mkr4574@lionstate.edu,CHEM110,2
smu8714@lionstate.edu,MATH231,2
rbi9155@lionstate.edu,CMPEN362,1
jro5974@lionstate.edu,ECON101,1
ktr6772@lionstate.edu,CMPEN270,1
wda9016@lionstate.edu,CHEM110,2
rfa8532@lionstate.edu,EE311,1
mne6555@lionstate.edu,CMPSC475,2
sre4987@lionstate.edu,EE211,2
tmc7639@lionstate.edu,STAT414,1
lsc9165@lionstate.edu,PHYS214,2
rra4659@lionstate.edu,CMPSC311,2
qjo2835@lionstate.edu,PHYS214,1
jpr1678@lionstate.edu,EE311,2
msm4734@lionstate.edu,CHEM112,1
smc5761@lionstate.edu,STAT318,1
mpo6230@lionstate.edu,CMPEN270,2
mda7325@lionstate.edu,MATH140,2
mcr8647@lionstate.edu,DS120,1
wan5226@lionstate.edu,CMPEN270,1
mpa1579@lionstate.edu,CMPEN431,2
vle9800@lionstate.edu,CMPSC448,2
mde4739@lionstate.edu,CMPSC497,2
rhu1999@lionstate.edu,CHEM111,1
mco7612@lionstate.edu,CMPEN362,2
jha8710@lionstate.edu,CSE583,1
ivo1134@lionstate.edu,CSE583,2
ire9271@lionstate.edu,EE311,1
mro8475@lionstate.edu,CMPEN441,2
rro5798@lionstate.edu,MATH140,1
rhu3482@lionstate.edu,CSE583,1
mja6117@lionstate.edu,CHEM111,1
mma4302@lionstate.edu,STAT319,1
mam2014@lionstate.edu,CMPSC132,2
jma7277@lionstate.edu,CHEM111,2
mzi4705@lionstate.edu,CMPSC448,2
kmc2382@lionstate.edu,CMPSC431W,1
omu5991@lionstate.edu,ECON102,2
jma1975@lionstate.edu,CMPSC132,2
jke6352@lionstate.edu,CMPEN362,2
rle2901@lionstate.edu,CMPEN351,1
mgr5494@lionstate.edu,CHEM111,1
lbe3921@lionstate.edu,CSE543,1
ppa6961@lionstate.edu,CMPSC475,1
swa7358@lionstate.edu,STAT415,2
lmo1800@lionstate.edu,CSE543,1
mha4751@lionstate.edu,CMPSC475,1
kwi7687@lionstate.edu,CMPEN454,1
pab5129@lionstate.edu,CHEM110,1
swi5077@lionstate.edu,CMPEN331,2
rla2797@lionstate.edu,CMPSC132,2
sbr3123@lionstate.edu,CSE543,1
lmo4016@lionstate.edu,EE330,2
mmc7342@lionstate.edu,CMPSC461,2
sdo3750@lionstate.edu,STAT319,1
mzi8291@lionstate.edu,CSE543,2
mom6938@lionstate.edu,MATH230,1
msc9287@lionstate.edu,STAT414,1
wru8295@lionstate.edu,EE320,2
oup4229@lionstate.edu,CMPSC221,1
mli2334@lionstate.edu,EE211,2
lhe3112@lionstate.edu,CMPSC448,1
rsc9635@lionstate.edu,STAT319,2
mbr9751@lionstate.edu,EE353,2
mhi9404@lionstate.edu,CMPEN351,1
sgr1450@lionstate.edu,EE210,2
slu4029@lionstate.edu,CMPSC465,2
tzu3964@lionstate.edu,CMPSC131,2
bkr1614@lionstate.edu,CMPEN454,2
afe9226@lionstate.edu,CMPSC360,2
atr7724@lionstate.edu,STAT414,2
bbe1971@lionstate.edu,CMPSC461,1
abl5494@lionstate.edu,CMPSC461,1
asc7849@lionstate.edu,CMPEN431,2
asc2462@lionstate.edu,CMPSC475,2
amc6705@lionstate.edu,EE330,1
abe7143@lionstate.edu,DS120,1
abu4594@lionstate.edu,DS120,1
agl6867@lionstate.edu,DS220,2
aer4333@lionstate.edu,STAT319,1
asc3862@lionstate.edu,PHYS212,1
asp5352@lionstate.edu,CMPEN362,1
aho2701@lionstate.edu,IST110,1
acr7084@lionstate.edu,CMPEN441,2
bst2160@lionstate.edu,CSE583,2
ari8290@lionstate.edu,CMPSC131,2
bke6313@lionstate.edu,CMPEN270,1
ahe6284@lionstate.edu,PHYS213,1
ast8005@lionstate.edu,EE330,1
aha8564@lionstate.edu,CMPEN411,2
bly7859@lionstate.edu,STAT318,1
bpa6768@lionstate.edu,CMPSC461,2
ahe1279@lionstate.edu,STAT414,1
awa9571@lionstate.edu,MATH140,1
apa2541@lionstate.edu,DS220,1
awa1809@lionstate.edu,EE311,1
abr2628@lionstate.edu,CMPEN411,2
asi6829@lionstate.edu,CMPEN351,1
awi4582@lionstate.edu,CMPSC360,1
abl8902@lionstate.edu,STAT414,1
ayo6298@lionstate.edu,ECON101,2
ama3077@lionstate.edu,CMPSC461,2
co'1788@lionstate.edu,CMPSC131,2
bgi3522@lionstate.edu,IST558,2
czb9309@lionstate.edu,CMPSC311,1
cha9704@lionstate.edu,CMPSC461,1
ama6515@lionstate.edu,CMPEN454,2
cgi1101@lionstate.edu,CMPEN331,1
cha2583@lionstate.edu,CMPSC132,2
cdo9201@lionstate.edu,CSE583,1
bbe7235@lionstate.edu,CMPSC465,2
aje9160@lionstate.edu,CMPEN270,1
csp7875@lionstate.edu,EE311,2
ali7453@lionstate.edu,CMPSC461,2
dgo8205@lionstate.edu,MATH140,2
awi7768@lionstate.edu,ECON201,2
bre4160@lionstate.edu,STAT415,2
cbi3526@lionstate.edu,CMPEN454,1
dhu6635@lionstate.edu,CHEM112,1
bpa2803@lionstate.edu,CMPSC132,1
cgu3158@lionstate.edu,EE340,1
cos1799@lionstate.edu,MATH230,2
dka4769@lionstate.edu,IST128,2
ago3924@lionstate.edu,CMPEN431,2
bha9246@lionstate.edu,CMPSC131,1
ast8438@lionstate.edu,CMPSC448,1
bko7832@lionstate.edu,PHYS214,2
dsh8625@lionstate.edu,CSE543,1
acr2307@lionstate.edu,CMPEN441,1
cku1462@lionstate.edu,CSE583,1
cfl5329@lionstate.edu,CHEM111,1
bre8066@lionstate.edu,DS220,2
cre5153@lionstate.edu,CHEM110,1
che7946@lionstate.edu,MATH141,1
dhe6440@lionstate.edu,CMPEN441,1
bja8759@lionstate.edu,STAT319,1
chi8541@lionstate.edu,DS220,2
aku9191@lionstate.edu,CMPSC465,2
ago2420@lionstate.edu,MATH231,1
bbe6804@lionstate.edu,CSE543,2
awi6807@lionstate.edu,PHYS214,1
cra1384@lionstate.edu,CMPSC131,2
cni4777@lionstate.edu,STAT415,1
bmu5779@lionstate.edu,PHYS214,2
cru1287@lionstate.edu,EE352,2
abr2910@lionstate.edu,CMPEN362,2
cro4659@lionstate.edu,CMPSC311,2
asc7710@lionstate.edu,MATH140,2
bbi5217@lionstate.edu,PHYS212,1
cwi9696@lionstate.edu,IST128,2
amu1271@lionstate.edu,CMPSC448,2
cbr3311@lionstate.edu,PHYS212,2
ahu9998@lionstate.edu,DS220,1
bhu8777@lionstate.edu,EE311,1
cke5626@lionstate.edu,EE212,2
cre3514@lionstate.edu,PHYS212,2
aan1394@lionstate.edu,CMPSC497,1
cre5333@lionstate.edu,CMPEN351,1
cti9525@lionstate.edu,CSE543,2
bwi3191@lionstate.edu,ECON102,2
cgr2892@lionstate.edu,CMPEN362,2
cch7675@lionstate.edu,CHEM112,1
cco4658@lionstate.edu,CMPEN454,1
car7539@lionstate.edu,CMPSC311,1
cqu9106@lionstate.edu,STAT319,1
cni4297@lionstate.edu,CMPSC475,2
bla8825@lionstate.edu,IST558,2
ban4029@lionstate.edu,CMPSC311,2
cwi9611@lionstate.edu,CMPSC311,2
cma2608@lionstate.edu,EE330,2
cke2909@lionstate.edu,CMPSC448,2
con6570@lionstate.edu,EE340,1
csc4424@lionstate.edu,EE352,2
bco6864@lionstate.edu,STAT415,2
afe8207@lionstate.edu,STAT415,2
amo1787@lionstate.edu,EE340,1
bpa4624@lionstate.edu,EE311,1
cwe7743@lionstate.edu,CMPEN331,1
bla3620@lionstate.edu,CMPSC475,2
csp1832@lionstate.edu,CMPEN362,2
aha9580@lionstate.edu,STAT415,2
csc4465@lionstate.edu,MATH230,2
bke2342@lionstate.edu,EE340,1
che2186@lionstate.edu,CMPSC132,2
aro5610@lionstate.edu,MATH231,2
bmu2685@lionstate.edu,CMPSC221,2
bsh2898@lionstate.edu,CMPEN270,2
cau6355@lionstate.edu,EE311,2
cba9384@lionstate.edu,STAT318,2
dho6824@lionstate.edu,CMPEN351,2
ali8320@lionstate.edu,CMPEN362,2
aku5912@lionstate.edu,MATH230,1
cal6530@lionstate.edu,STAT414,2
ast1417@lionstate.edu,CMPEN351,2
cke2083@lionstate.edu,PHYS211,1
dro6812@lionstate.edu,IST110,2
csc6517@lionstate.edu,CMPEN441,1
bdo2641@lionstate.edu,CHEM112,2
ble4792@lionstate.edu,EE330,2
bol9798@lionstate.edu,MATH141,2
cke5290@lionstate.edu,ECON101,1
agu4622@lionstate.edu,CMPEN431,1
bfa8479@lionstate.edu,PHYS213,1
dba2379@lionstate.edu,CMPSC431W,2
asc5301@lionstate.edu,CMPSC497,1
cda4101@lionstate.edu,PHYS211,1
aja6920@lionstate.edu,DS220,1
aef3745@lionstate.edu,STAT415,1
cco1519@lionstate.edu,MATH141,2
bro8229@lionstate.edu,CMPEN431,1
dcr2568@lionstate.edu,EE353,1
apo8918@lionstate.edu,EE320,2
bbe8960@lionstate.edu,MATH141,2
cpr2105@lionstate.edu,STAT319,2
dhi1400@lionstate.edu,EE330,1
ao'9620@lionstate.edu,ECON201,1
cst7897@lionstate.edu,EE311,1
cwi9823@lionstate.edu,ECON102,2
cmu4682@lionstate.edu,PHYS214,2
abr4642@lionstate.edu,MATH141,1
cwa6554@lionstate.edu,PHYS213,1
awo8057@lionstate.edu,STAT318,2
cba7752@lionstate.edu,CMPEN411,2
btu9894@lionstate.edu,EE212,1
cst5445@lionstate.edu,CMPSC465,1
dbo6055@lionstate.edu,ECON102,1
csi7325@lionstate.edu,CMPEN351,1
eho2438@lionstate.edu,PHYS213,2
gla6703@lionstate.edu,STAT318,2
eul3401@lionstate.edu,ECON102,2
gje5238@lionstate.edu,CMPEN454,1
fem3105@lionstate.edu,CSE543,1
ewa3673@lionstate.edu,EE340,2
eda6907@lionstate.edu,EE330,2
gpa9063@lionstate.edu,CMPSC448,1
isc1736@lionstate.edu,STAT415,1
iem2812@lionstate.edu,CMPSC461,1
eko8983@lionstate.edu,CHEM112,2
gja2457@lionstate.edu,ECON101,2
dgu6109@lionstate.edu,DS120,1
emo2262@lionstate.edu,CHEM112,2
dbu9499@lionstate.edu,CMPSC360,1
gle6196@lionstate.edu,CMPSC221,2
das7737@lionstate.edu,PHYS213,2
eda3706@lionstate.edu,ECON101,1
gri9899@lionstate.edu,CMPEN441,1
fko5077@lionstate.edu,STAT414,1
eau5556@lionstate.edu,ECON101,2
dle5410@lionstate.edu,CMPSC448,1
dka3721@lionstate.edu,CMPSC131,2
do'6054@lionstate.edu,CMPEN331,1
ewa2037@lionstate.edu,CMPEN351,2
dwu9169@lionstate.edu,CMPEN331,2
fo'6167@lionstate.edu,CHEM111,1
don6643@lionstate.edu,CSE583,2
dle3899@lionstate.edu,MATH230,2
hco5500@lionstate.edu,DS120,2
fwi8821@lionstate.edu,ECON101,2
fbe8649@lionstate.edu,CMPSC131,2
ejo5512@lionstate.edu,CMPEN351,2
gsp6165@lionstate.edu,ECON101,1
hsc7353@lionstate.edu,EE320,2
ere1755@lionstate.edu,PHYS211,1
gba7661@lionstate.edu,MATH230,1
eha5861@lionstate.edu,MATH141,2
dsc6643@lionstate.edu,ECON102,2
dwi1180@lionstate.edu,EE340,1
ebe7690@lionstate.edu,CMPSC360,1
gbr1918@lionstate.edu,IST558,2
ebo5772@lionstate.edu,EE311,2
fmu1882@lionstate.edu,CMPSC497,1
ili9357@lionstate.edu,EE212,1
ebe1511@lionstate.edu,CSE543,2
gbe6590@lionstate.edu,CMPSC465,1
elo4775@lionstate.edu,PHYS214,1
dza5980@lionstate.edu,STAT319,2
emi8232@lionstate.edu,CSE583,2
dde2898@lionstate.edu,EE211,2
hbe2422@lionstate.edu,CSE583,2
dul8690@lionstate.edu,CMPSC448,1
dos5296@lionstate.edu,CMPEN362,1
hha5862@lionstate.edu,CSE583,1
gli8369@lionstate.edu,MATH141,1
dsy2833@lionstate.edu,CHEM112,1
eja9335@lionstate.edu,MATH141,1
dto9651@lionstate.edu,CSE543,1
gha1127@lionstate.edu,CMPSC311,2
dgr2584@lionstate.edu,EE210,2
hqu9235@lionstate.edu,CMPEN431,1
dli7331@lionstate.edu,IST128,2
fke9331@lionstate.edu,CMPEN270,2
hsc9271@lionstate.edu,CMPSC461,2
ega5701@lionstate.edu,CSE543,2
eha3605@lionstate.edu,IST558,1
dgr3445@lionstate.edu,EE210,1
ewi7719@lionstate.edu,EE210,2
dra6398@lionstate.edu,EE211,2
iba6268@lionstate.edu,DS120,2
efe7194@lionstate.edu,EE320,2
hsa7005@lionstate.edu,CMPSC448,1
dhe4675@lionstate.edu,CMPSC465,1
glu5165@lionstate.edu,MATH140,1
gro7380@lionstate.edu,CMPEN441,1
hmc3828@lionstate.edu,EE330,1
era1993@lionstate.edu,CMPEN362,2
ekr7262@lionstate.edu,EE210,2
gro1175@lionstate.edu,EE311,2
fwi1167@lionstate.edu,CMPSC360,2
fco4453@lionstate.edu,ECON101,1
hho2415@lionstate.edu,CMPEN270,1
dgl1808@lionstate.edu,CMPEN431,1
dpr1912@lionstate.edu,CMPEN351,2
gda4655@lionstate.edu,CMPSC221,1
dgu3121@lionstate.edu,CSE583,1
gri9047@lionstate.edu,MATH231,1
dka8555@lionstate.edu,CMPEN331,1
fru9222@lionstate.edu,CMPEN454,1
hco6423@lionstate.edu,CMPSC497,2
fan4600@lionstate.edu,STAT415,2
ffe7299@lionstate.edu,PHYS211,1
gje9368@lionstate.edu,CMPEN331,2
dke5393@lionstate.edu,MATH231,1
gha3078@lionstate.edu,CMPSC221,2
gsc7459@lionstate.edu,IST558,1
ebo8800@lionstate.edu,EE211,2
dth9255@lionstate.edu,EE353,2
emu6564@lionstate.edu,EE212,1
hha5390@lionstate.edu,CSE583,2
eha9004@lionstate.edu,ECON102,2
hma5409@lionstate.edu,CMPSC448,2
equ5569@lionstate.edu,CMPEN331,1
hwi7295@lionstate.edu,DS220,1
ewa4239@lionstate.edu,STAT318,1
eku6733@lionstate.edu,MATH141,2
dmo3632@lionstate.edu,EE330,2
eru8875@lionstate.edu,ECON101,2
ewi7053@lionstate.edu,ECON102,2
gpf4338@lionstate.edu,CSE543,2
dhi2046@lionstate.edu,CMPSC431W,1
eor3911@lionstate.edu,EE211,2
dar8112@lionstate.edu,MATH140,1
gdo2323@lionstate.edu,CMPSC475,2
dmo8469@lionstate.edu,PHYS212,1
djo7177@lionstate.edu,CHEM111,2
dgo7552@lionstate.edu,EE340,2
iwe8564@lionstate.edu,EE211,1
dsw8653@lionstate.edu,ECON101,2
dsc8667@lionstate.edu,ECON102,2
hla2951@lionstate.edu,CHEM110,2
dwe7522@lionstate.edu,CMPSC497,1
fto3481@lionstate.edu,MATH141,1
fsc6641@lionstate.edu,CMPEN270,1
dsc6224@lionstate.edu,EE211,1
est8109@lionstate.edu,STAT318,1
gtu8968@lionstate.edu,IST128,2
dca4962@lionstate.edu,CMPSC497,1
eke2974@lionstate.edu,CMPSC465,2
fgo6601@lionstate.edu,CHEM110,2
dau4671@lionstate.edu,CMPSC448,1
fst4172@lionstate.edu,PHYS213,2
ewu3608@lionstate.edu,MATH230,2
hha4579@lionstate.edu,EE210,2
gdi6403@lionstate.edu,EE352,2
gho9279@lionstate.edu,EE210,2
hbe9043@lionstate.edu,ECON101,1
dlu5342@lionstate.edu,CMPSC131,2
fwi4093@lionstate.edu,CHEM111,1
gbo5236@lionstate.edu,EE330,2
eda1662@lionstate.edu,CMPSC497,1
ero7419@lionstate.edu,CMPSC497,2
eje5154@lionstate.edu,EE352,1
gsh4183@lionstate.edu,IST110,1
dmo5043@lionstate.edu,EE352,1
fho6099@lionstate.edu,CMPEN441,1
gri8843@lionstate.edu,EE353,2
hmo1766@lionstate.edu,EE212,1
egr8661@lionstate.edu,CMPSC497,1
emo9364@lionstate.edu,CMPSC360,2
ego5088@lionstate.edu,PHYS212,1
dco3584@lionstate.edu,PHYS211,1
eos2514@lionstate.edu,CMPEN411,2
ekr7111@lionstate.edu,PHYS211,1
ibl7919@lionstate.edu,CSE543,2
dll1126@lionstate.edu,CMPEN454,1
ghe6923@lionstate.edu,CMPSC221,2
dca7691@lionstate.edu,CMPEN454,2
ema3198@lionstate.edu,CMPSC131,2
dko7141@lionstate.edu,CMPEN441,1
gsc8857@lionstate.edu,EE352,1
gpo8007@lionstate.edu,CMPSC448,1
esc3235@lionstate.edu,MATH231,1
dsc1531@lionstate.edu,STAT319,2
era5006@lionstate.edu,IST110,1
dos4686@lionstate.edu,EE353,2
ero6656@lionstate.edu,IST128,2
dsp8278@lionstate.edu,CMPSC448,1
dgu2182@lionstate.edu,EE352,1
dru6558@lionstate.edu,CMPEN331,2
era8695@lionstate.edu,CMPEN362,2
gco1287@lionstate.edu,CMPSC465,2
dau3899@lionstate.edu,EE210,1
gke6046@lionstate.edu,CMPSC221,1
hst8869@lionstate.edu,CHEM110,1
hbo6532@lionstate.edu,EE211,2
hdu6288@lionstate.edu,EE330,1
dma2479@lionstate.edu,CMPEN362,2
esm5729@lionstate.edu,STAT414,2
emc1573@lionstate.edu,STAT318,1
dre1763@lionstate.edu,PHYS212,1
dwe1922@lionstate.edu,ECON101,2
dha8330@lionstate.edu,MATH141,2
evo3410@lionstate.edu,MATH230,2
gwa4795@lionstate.edu,PHYS214,2
dre1837@lionstate.edu,EE352,1
dha4724@lionstate.edu,CHEM110,1
dcr5796@lionstate.edu,CMPEN431,1
fho3009@lionstate.edu,CMPEN411,1
ewi3696@lionstate.edu,EE320,2
eba8031@lionstate.edu,CMPEN431,1
fru6436@lionstate.edu,DS120,1
ebl1301@lionstate.edu,CMPSC448,2
eef9004@lionstate.edu,CMPEN351,1
ero4695@lionstate.edu,PHYS211,1
dan1283@lionstate.edu,PHYS211,2
dru1153@lionstate.edu,CMPSC465,1
eja4563@lionstate.edu,CMPSC461,2
dfo8788@lionstate.edu,CMPEN351,2
dsa5269@lionstate.edu,DS220,2
hko4058@lionstate.edu,PHYS211,2
dgi6063@lionstate.edu,CMPEN351,2
ema6571@lionstate.edu,EE320,1
gku4413@lionstate.edu,CHEM110,2
gcu8420@lionstate.edu,EE311,2
djo8575@lionstate.edu,CMPSC497,2
hru3139@lionstate.edu,EE330,1
fbe3368@lionstate.edu,CSE543,1
del6081@lionstate.edu,CHEM111,2
fma3537@lionstate.edu,STAT415,2
fry4954@lionstate.edu,ECON102,2
dla7510@lionstate.edu,CMPEN411,1
dfl8617@lionstate.edu,CMPSC360,2
aly8942@lionstate.edu,CMPEN454,2
amu1270@lionstate.edu,CMPEN331,1
aki5907@lionstate.edu,CHEM111,1
ash5820@lionstate.edu,EE330,1
ale8219@lionstate.edu,CMPSC475,2
ale8939@lionstate.edu,ECON101,1
ahi5324@lionstate.edu,MATH230,2
abe4600@lionstate.edu,STAT319,2
akr4205@lionstate.edu,STAT415,1
ato9019@lionstate.edu,CSE583,2
asc2712@lionstate.edu,IST110,2
aha9325@lionstate.edu,CMPSC448,1
abo7856@lionstate.edu,PHYS214,1
atr9605@lionstate.edu,PHYS211,1
aok9861@lionstate.edu,DS220,2
ali8897@lionstate.edu,CMPSC132,1
abe6138@lionstate.edu,EE211,1
ale7189@lionstate.edu,EE352,1
aja3132@lionstate.edu,EE212,1
aro5704@lionstate.edu,DS120,1
amo7945@lionstate.edu,CHEM111,1
ast1122@lionstate.edu,EE210,1
azu5256@lionstate.edu,STAT318,2
abo9166@lionstate.edu,CMPSC475,2
apa5949@lionstate.edu,CMPEN441,1
aga6525@lionstate.edu,MATH231,1
ami4349@lionstate.edu,IST558,2
abr9092@lionstate.edu,CMPEN362,1
ahe1989@lionstate.edu,DS120,2
ade2931@lionstate.edu,CSE543,1
awi2065@lionstate.edu,EE353,2
lje9488@lionstate.edu,STAT318,2
rbr2525@lionstate.edu,ECON101,2
ldi6656@lionstate.edu,MATH231,2
mdi4539@lionstate.edu,EE330,2
kfa9089@lionstate.edu,PHYS211,1
pzi2408@lionstate.edu,EE212,2
mru3359@lionstate.edu,CMPEN431,1
sco1712@lionstate.edu,CMPSC221,2
tpa5190@lionstate.edu,MATH230,2
ihi8422@lionstate.edu,PHYS213,1
mel3938@lionstate.edu,CMPEN454,1
pri2221@lionstate.edu,IST110,2
nku3451@lionstate.edu,IST558,2
jze6681@lionstate.edu,ECON201,1
jpa6316@lionstate.edu,CHEM110,2
lke7167@lionstate.edu,MATH141,1
kst7090@lionstate.edu,CMPSC448,1
mst7516@lionstate.edu,CMPSC311,2
ihu2594@lionstate.edu,CMPSC475,1
sma8389@lionstate.edu,CSE583,1
jsc7283@lionstate.edu,CMPEN431,1
mbl5527@lionstate.edu,EE340,2
rmc1213@lionstate.edu,MATH141,1
mge3655@lionstate.edu,IST110,2
kca7584@lionstate.edu,EE330,1
rhi3330@lionstate.edu,CMPSC465,1
jha3634@lionstate.edu,EE330,2
mse3018@lionstate.edu,EE353,2
jle7688@lionstate.edu,DS120,1
mre6097@lionstate.edu,ECON201,1
mar7316@lionstate.edu,CMPEN411,2
rbo4096@lionstate.edu,ECON102,1
jco8261@lionstate.edu,CMPEN454,2
kgu3649@lionstate.edu,ECON101,1
lgr2017@lionstate.edu,MATH230,2
sgr6837@lionstate.edu,PHYS211,1
tpr4269@lionstate.edu,EE340,2
sbo2144@lionstate.edu,EE210,2
mha5312@lionstate.edu,CMPEN331,2
vsa8991@lionstate.edu,CHEM111,2
mma8341@lionstate.edu,PHYS213,2
tgl2369@lionstate.edu,CMPSC497,2
mku3151@lionstate.edu,EE353,2
sal4395@lionstate.edu,CMPSC461,1
kni2503@lionstate.edu,EE353,1
jki2803@lionstate.edu,ECON102,1
mdu3807@lionstate.edu,STAT415,2
mch6748@lionstate.edu,CMPEN351,1
lla3945@lionstate.edu,ECON101,1
mre5662@lionstate.edu,DS220,1
tba6345@lionstate.edu,IST558,1
wmo7407@lionstate.edu,CMPSC131,2
jbr7032@lionstate.edu,MATH231,1
ko'2102@lionstate.edu,CMPEN431,2
zjo1462@lionstate.edu,CSE543,1
mba9287@lionstate.edu,DS120,2
mru3829@lionstate.edu,CMPEN431,2
mde6603@lionstate.edu,IST128,2
kmi8049@lionstate.edu,CMPEN431,2
sgl1030@lionstate.edu,IST558,1
mst1558@lionstate.edu,CMPEN351,2
tmo8266@lionstate.edu,CMPSC221,1
jgr3574@lionstate.edu,STAT319,1
ycr1322@lionstate.edu,CMPEN441,2
sst9336@lionstate.edu,ECON101,2
rbo1548@lionstate.edu,EE210,1
zre8115@lionstate.edu,MATH141,1
rch5723@lionstate.edu,EE353,1
jtu5218@lionstate.edu,CSE543,2
lob8984@lionstate.edu,CMPSC221,1
tru4888@lionstate.edu,STAT318,2
lru4870@lionstate.edu,MATH230,2
xgr6403@lionstate.edu,ECON101,1
mel4420@lionstate.edu,MATH231,2
lre4938@lionstate.edu,EE320,1
she6009@lionstate.edu,ECON102,2
lan4217@lionstate.edu,CMPEN454,1
msc4152@lionstate.edu,CMPSC475,2
tba6085@lionstate.edu,PHYS211,2
mmu4907@lionstate.edu,CMPSC311,2
tha7400@lionstate.edu,CMPEN331,2
kko5971@lionstate.edu,EE211,1
ndo9422@lionstate.edu,CHEM112,1
sbr4537@lionstate.edu,MATH230,1
rru5828@lionstate.edu,CMPSC311,1
mma5417@lionstate.edu,CMPSC360,1
mre1388@lionstate.edu,CMPEN431,2
lgi1280@lionstate.edu,MATH231,2
jor1361@lionstate.edu,EE320,2
mar8229@lionstate.edu,CHEM111,1
mcu4958@lionstate.edu,STAT319,1
rsc2927@lionstate.edu,CMPSC465,2
myv4130@lionstate.edu,PHYS213,1
mvo3769@lionstate.edu,PHYS213,2
vwi2326@lionstate.edu,STAT414,1
nre9702@lionstate.edu,CMPSC360,2
mal1707@lionstate.edu,EE352,1
mco8919@lionstate.edu,ECON201,1
lgo6567@lionstate.edu,CMPEN441,2
sha4650@lionstate.edu,MATH230,2
mtu7648@lionstate.edu,CMPEN431,2
lto6036@lionstate.edu,MATH141,1
jwa5124@lionstate.edu,CMPEN431,1
kro8698@lionstate.edu,EE352,1
nfa5557@lionstate.edu,EE210,1
md'3250@lionstate.edu,ECON101,1
mbr4721@lionstate.edu,CMPEN431,2
mki9627@lionstate.edu,EE352,1
mka2323@lionstate.edu,CMPSC461,1
oco4309@lionstate.edu,CMPSC448,1
kma2934@lionstate.edu,CHEM112,1
jsc1133@lionstate.edu,CMPSC131,2
jwi1131@lionstate.edu,STAT318,1
vla3135@lionstate.edu,EE211,1
pha3837@lionstate.edu,CMPSC431W,2
mda8856@lionstate.edu,CSE543,2
jhe9677@lionstate.edu,EE340,2
mwh8884@lionstate.edu,CMPEN441,1
lda8145@lionstate.edu,ECON102,2
mca2641@lionstate.edu,CMPEN454,1
lgi8755@lionstate.edu,CHEM111,2
mma7996@lionstate.edu,EE353,1
rco1350@lionstate.edu,CMPSC311,1
mze1101@lionstate.edu,CHEM110,1
mle8029@lionstate.edu,PHYS213,1
nhi9400@lionstate.edu,CHEM111,2
msc7404@lionstate.edu,STAT319,1
mpf1895@lionstate.edu,EE330,1
lja7548@lionstate.edu,CSE543,2
sro1687@lionstate.edu,CHEM112,1
mti1005@lionstate.edu,CMPEN431,2
lda3697@lionstate.edu,CSE543,1
svo1567@lionstate.edu,CMPSC475,2
kfa7315@lionstate.edu,STAT319,2
rhe3959@lionstate.edu,CSE543,2
vto8500@lionstate.edu,ECON201,2
lul2667@lionstate.edu,DS120,2
lbe3298@lionstate.edu,MATH141,2
kba3267@lionstate.edu,PHYS214,2
rve7599@lionstate.edu,CMPEN431,1
mlo5294@lionstate.edu,IST558,1
mjo3251@lionstate.edu,CMPEN331,2
jfr4395@lionstate.edu,EE210,2
ltu9306@lionstate.edu,MATH230,1
jsw5249@lionstate.edu,CMPEN331,1
rfe9835@lionstate.edu,STAT414,2
jst9690@lionstate.edu,EE330,2
kka3493@lionstate.edu,EE211,1
mra5395@lionstate.edu,EE320,2
ver7410@lionstate.edu,CSE583,1
mlo6590@lionstate.edu,CMPSC311,1
ldi8835@lionstate.edu,CMPSC131,2
jku5047@lionstate.edu,EE352,1
ina3083@lionstate.edu,STAT415,1
pbe5438@lionstate.edu,MATH230,2
rfr7251@lionstate.edu,EE320,2
mni1754@lionstate.edu,CMPSC311,2
sma6410@lionstate.edu,DS220,2
lja5065@lionstate.edu,MATH141,2
wru6659@lionstate.edu,STAT414,2
wle7976@lionstate.edu,MATH140,1
jri3730@lionstate.edu,CMPEN454,2
nsc1496@lionstate.edu,EE330,2
msh8653@lionstate.edu,PHYS212,1
nan2109@lionstate.edu,CMPSC131,1
lsc8583@lionstate.edu,EE212,1
sma9638@lionstate.edu,EE212,1
rro3378@lionstate.edu,CMPSC132,1
lwo9519@lionstate.edu,EE210,1
ila1616@lionstate.edu,CMPEN270,2
mgi5972@lionstate.edu,EE212,1
mor3944@lionstate.edu,CMPSC311,1
pwi6256@lionstate.edu,EE330,1
lma5523@lionstate.edu,ECON102,1
mja9477@lionstate.edu,CMPSC448,1
pco3542@lionstate.edu,CMPEN431,2
mfr1531@lionstate.edu,EE330,1
jbr5742@lionstate.edu,CMPSC497,1
mad6762@lionstate.edu,MATH230,2
lfr5699@lionstate.edu,CHEM111,1
jhu6059@lionstate.edu,CMPSC448,1
rba4716@lionstate.edu,CMPEN270,2
mra1173@lionstate.edu,CHEM110,1
mla7040@lionstate.edu,MATH230,2
mke5035@lionstate.edu,EE211,2
ncu7389@lionstate.edu,PHYS211,2
mjo9620@lionstate.edu,MATH230,1
mei1629@lionstate.edu,CMPEN454,1
mke4315@lionstate.edu,EE340,1
myo1601@lionstate.edu,STAT319,1
jmc9625@lionstate.edu,CHEM111,2
ufa3951@lionstate.edu,ECON101,1
mre4255@lionstate.edu,MATH231,2
mba6793@lionstate.edu,EE340,2
jku3642@lionstate.edu,CHEM111,2
ysc5785@lionstate.edu,IST558,1
rfr5648@lionstate.edu,CMPSC221,1
no'3158@lionstate.edu,PHYS214,1
lco5380@lionstate.edu,CSE543,1
ohe2838@lionstate.edu,CSE543,1
jco2499@lionstate.edu,EE352,2
mmi5755@lionstate.edu,EE210,2
jha5858@lionstate.edu,DS120,2
ikr7411@lionstate.edu,CMPEN351,2
tke8544@lionstate.edu,CMPSC132,1
tsc4447@lionstate.edu,EE210,1
kri1586@lionstate.edu,STAT319,1
rkr9745@lionstate.edu,STAT319,2
sgr1392@lionstate.edu,EE320,2
jlu8446@lionstate.edu,PHYS213,2
kha2564@lionstate.edu,MATH140,1
mel9711@lionstate.edu,EE311,2
jli1535@lionstate.edu,EE211,1
swe4161@lionstate.edu,CSE583,1
kho2978@lionstate.edu,CMPSC132,2
mni8737@lionstate.edu,PHYS212,2
mth7915@lionstate.edu,CMPSC132,2
pfa7621@lionstate.edu,CMPEN331,1
mcr6774@lionstate.edu,CMPEN362,2
mve7191@lionstate.edu,MATH231,2
kku3945@lionstate.edu,CSE583,2
oki8339@lionstate.edu,ECON201,1
mti9840@lionstate.edu,CHEM110,1
lbo3169@lionstate.edu,EE352,2
lhi8879@lionstate.edu,CSE583,1
mni9530@lionstate.edu,PHYS212,2
kab2618@lionstate.edu,EE211,2
ttu9759@lionstate.edu,CMPSC461,1
mru8732@lionstate.edu,EE353,1
mau5121@lionstate.edu,CMPEN441,2
mre1486@lionstate.edu,PHYS211,1
osi6913@lionstate.edu,MATH141,2
mis3774@lionstate.edu,CSE543,2
mje1517@lionstate.edu,CMPEN270,1
pwh2002@lionstate.edu,CMPEN411,1
job4068@lionstate.edu,CMPSC360,1
kle7587@lionstate.edu,CMPSC461,1
nsp6459@lionstate.edu,STAT415,2
vre1108@lionstate.edu,IST128,1
mko8498@lionstate.edu,CMPEN441,2
tsc3180@lionstate.edu,MATH141,1
mje1294@lionstate.edu,EE340,2
kpa6358@lionstate.edu,MATH141,1
mem5259@lionstate.edu,EE311,2
lhe3177@lionstate.edu,EE353,1
kan9497@lionstate.edu,CHEM111,2
wan2968@lionstate.edu,CMPEN431,2
lad3683@lionstate.edu,PHYS212,2
kly7755@lionstate.edu,EE211,1
jha3938@lionstate.edu,MATH141,2
sbr1332@lionstate.edu,CMPEN351,2
kba3474@lionstate.edu,CSE583,2
lvo2571@lionstate.edu,STAT415,2
mtr1113@lionstate.edu,EE210,1
zpr3563@lionstate.edu,IST128,1
mru2747@lionstate.edu,CMPEN351,2
wsm1648@lionstate.edu,CMPSC448,2
lwi5095@lionstate.edu,CMPEN270,1
msh2018@lionstate.edu,EE212,2
mja9753@lionstate.edu,EE352,1
jco7511@lionstate.edu,CMPSC132,1
mja4678@lionstate.edu,CMPEN454,2
jzi6855@lionstate.edu,CMPSC461,2
vol8061@lionstate.edu,CMPEN351,2
kst3418@lionstate.edu,PHYS211,2
mty4698@lionstate.edu,CMPSC132,2
wsc7930@lionstate.edu,EE353,2
mda7609@lionstate.edu,CMPSC465,1
thi1019@lionstate.edu,PHYS212,1
mhe4861@lionstate.edu,ECON201,2
vko8312@lionstate.edu,CMPSC131,1
mha1378@lionstate.edu,CMPSC461,1
wwi6147@lionstate.edu,CMPSC431W,2
mke9858@lionstate.edu,CMPEN411,2
ubr7160@lionstate.edu,EE210,1
lhe8423@lionstate.edu,PHYS214,1
kfe1479@lionstate.edu,ECON102,2
sbr8378@lionstate.edu,CMPSC431W,2
mno6831@lionstate.edu,CMPSC311,1
ugr7753@lionstate.edu,CHEM110,2
tku9442@lionstate.edu,CHEM110,1
ibe6293@lionstate.edu,ECON101,2
osa9043@lionstate.edu,CHEM112,2
nef4231@lionstate.edu,ECON101,2
vgr9708@lionstate.edu,MATH140,1
mra2135@lionstate.edu,EE211,2
kma6272@lionstate.edu,CMPSC311,1
sja8550@lionstate.edu,EE340,1
wra7675@lionstate.edu,CMPSC461,2
mro4234@lionstate.edu,MATH231,2
mal5609@lionstate.edu,CMPSC461,2
mgr9180@lionstate.edu,DS120,1
lha7423@lionstate.edu,IST128,1
zri4748@lionstate.edu,IST110,1
jgu4126@lionstate.edu,CMPEN270,1
oko6508@lionstate.edu,EE340,1
mwe9386@lionstate.edu,CMPEN362,2
sma8371@lionstate.edu,CHEM112,1
mni4053@lionstate.edu,IST110,1
rma4418@lionstate.edu,CMPSC431W,1
jli6782@lionstate.edu,CMPEN270,1
mli4220@lionstate.edu,CHEM112,1
phe8657@lionstate.edu,DS220,2
mal7301@lionstate.edu,CMPEN431,1
ppu8310@lionstate.edu,MATH140,1
vke5227@lionstate.edu,PHYS211,1
rob6329@lionstate.edu,PHYS213,2
tfa8623@lionstate.edu,IST128,1
pmi9309@lionstate.edu,CMPSC221,1
kru3278@lionstate.edu,EE352,1
mty9244@lionstate.edu,CMPSC360,1
twi9118@lionstate.edu,PHYS212,2
ole5149@lionstate.edu,CMPEN411,1
jwa8464@lionstate.edu,CMPSC360,2
oku5496@lionstate.edu,ECON102,1
psh1860@lionstate.edu,CHEM110,2
mpa1813@lionstate.edu,EE353,2
smu1729@lionstate.edu,EE311,1
tdi3644@lionstate.edu,IST128,1
sma4679@lionstate.edu,EE211,2
jpa9861@lionstate.edu,DS120,1
mga8559@lionstate.edu,CMPEN441,2
sgu3389@lionstate.edu,EE353,2
lor8820@lionstate.edu,MATH231,2
mlu8397@lionstate.edu,CMPSC448,2
jst3903@lionstate.edu,DS220,2
mer6665@lionstate.edu,EE352,1
mbr3753@lionstate.edu,CMPSC131,1
sgo5481@lionstate.edu,EE320,2
lto2510@lionstate.edu,CMPSC448,2
ptu5897@lionstate.edu,EE211,2
wcr6243@lionstate.edu,EE340,1
mma8740@lionstate.edu,CMPSC461,1
mam7283@lionstate.edu,MATH231,2
jni8513@lionstate.edu,EE352,2
mha9412@lionstate.edu,IST558,2
jhi5936@lionstate.edu,PHYS211,1
spa3052@lionstate.edu,STAT414,1
vno9310@lionstate.edu,STAT318,2
mja6189@lionstate.edu,EE211,1
mhe4177@lionstate.edu,CMPSC360,1
mpr9723@lionstate.edu,CMPSC465,1
mja3480@lionstate.edu,STAT319,2
mpe6095@lionstate.edu,CMPSC475,2
mre4504@lionstate.edu,CHEM111,2
kke9934@lionstate.edu,PHYS212,1
jma6502@lionstate.edu,CMPEN270,2
mmu3939@lionstate.edu,PHYS211,2
jre6232@lionstate.edu,EE311,1
rqu7150@lionstate.edu,PHYS212,2
tfa8479@lionstate.edu,STAT415,1
obo2257@lionstate.edu,STAT319,1
jdi5599@lionstate.edu,PHYS212,1
nbo5422@lionstate.edu,IST110,1
jsm3398@lionstate.edu,EE210,1
mtr9030@lionstate.edu,CMPSC131,1
tbe7837@lionstate.edu,CSE543,1
jfe5900@lionstate.edu,STAT318,1
mja9711@lionstate.edu,CSE583,1
sle7671@lionstate.edu,CMPEN362,2
wgu6997@lionstate.edu,CMPSC221,2
lba8615@lionstate.edu,CMPEN362,1
kwe2447@lionstate.edu,CSE583,2
ldu5279@lionstate.edu,IST110,1
nbe7364@lionstate.edu,CMPEN441,2
rke3219@lionstate.edu,CMPSC448,1
vpr8721@lionstate.edu,CHEM111,1
mbr8262@lionstate.edu,CMPEN331,2
rha9484@lionstate.edu,CMPEN441,2
lwi3851@lionstate.edu,CSE583,1
mei3995@lionstate.edu,EE211,1
mpf9660@lionstate.edu,CSE583,2
ust9264@lionstate.edu,MATH140,1
mad9712@lionstate.edu,IST128,1
mko2134@lionstate.edu,IST128,1
mad4966@lionstate.edu,ECON201,2
vyu4473@lionstate.edu,IST558,2
lwe4861@lionstate.edu,ECON102,1
nmo8196@lionstate.edu,CMPEN431,1
nba2747@lionstate.edu,EE320,2
msc4941@lionstate.edu,EE352,1
mke8007@lionstate.edu,CMPSC360,1
rwa1680@lionstate.edu,DS120,1
mru5673@lionstate.edu,STAT319,1
kzi2319@lionstate.edu,EE211,2
mla8288@lionstate.edu,PHYS213,1
jdo5653@lionstate.edu,CHEM112,1
lku1009@lionstate.edu,STAT319,2
jko6802@lionstate.edu,EE211,1
jwe6460@lionstate.edu,EE330,1
zwu7682@lionstate.edu,IST110,2
jkr6557@lionstate.edu,CMPEN270,1
mni2107@lionstate.edu,IST128,1
pha6738@lionstate.edu,STAT319,2
jle1023@lionstate.edu,CMPEN331,1
mje1028@lionstate.edu,CMPSC448,2
nsi9812@lionstate.edu,CMPEN431,1
lra3866@lionstate.edu,CMPEN270,1
mes5352@lionstate.edu,CMPSC131,1
mci7103@lionstate.edu,CMPSC497,2
jke2667@lionstate.edu,ECON102,2
kbr9764@lionstate.edu,EE212,1
kqu2179@lionstate.edu,CMPEN441,2
mja2485@lionstate.edu,IST128,2
tpr8421@lionstate.edu,DS120,1
mel3476@lionstate.edu,EE212,1
kbe8997@lionstate.edu,CMPSC475,2
sro2588@lionstate.edu,CMPSC475,1
jha1078@lionstate.edu,DS120,2
spr5193@lionstate.edu,PHYS211,2
pmu4370@lionstate.edu,STAT318,1
tle9077@lionstate.edu,IST558,1
imu2857@lionstate.edu,MATH230,2
sdo9870@lionstate.edu,MATH140,1
pok5286@lionstate.edu,MATH230,1
wo'7278@lionstate.edu,DS120,2
mci5246@lionstate.edu,MATH231,1
mma4189@lionstate.edu,PHYS211,1
nbe3401@lionstate.edu,CSE583,2
mmi9822@lionstate.edu,MATH231,2
vho3800@lionstate.edu,CHEM110,1
mid8120@lionstate.edu,PHYS213,2
jst5934@lionstate.edu,EE352,1
mtr4908@lionstate.edu,STAT415,1
oha3028@lionstate.edu,ECON102,1
jbo2807@lionstate.edu,EE212,1
jcr6700@lionstate.edu,PHYS211,2
ksa5709@lionstate.edu,DS220,2
sbe8426@lionstate.edu,CMPSC461,1
mru1547@lionstate.edu,CMPEN351,1
sni6517@lionstate.edu,CMPSC131,1
mgu2556@lionstate.edu,STAT414,1
ora1051@lionstate.edu,STAT319,1
mde6918@lionstate.edu,CMPSC497,1
jku6715@lionstate.edu,CMPSC221,1
kda1105@lionstate.edu,DS120,1
mot4366@lionstate.edu,CMPSC360,2
mgu4156@lionstate.edu,STAT319,2
nmo6638@lionstate.edu,CMPSC475,2
sre9441@lionstate.edu,EE352,2
mwa9361@lionstate.edu,EE340,1
lto9285@lionstate.edu,EE320,2
mba8566@lionstate.edu,CMPEN431,2
scr5917@lionstate.edu,IST128,1
mal6483@lionstate.edu,CMPEN454,1
mbe7846@lionstate.edu,MATH140,1
tbo6140@lionstate.edu,IST558,1
jgi1267@lionstate.edu,PHYS212,1
ycr2698@lionstate.edu,MATH140,2
nla5784@lionstate.edu,EE212,1
mgo7391@lionstate.edu,ECON102,1
tar1494@lionstate.edu,CMPSC132,1
jca6758@lionstate.edu,CHEM110,1
mro5260@lionstate.edu,CMPSC311,1
mja5716@lionstate.edu,EE352,2
lmc7976@lionstate.edu,CMPSC465,2
mte9606@lionstate.edu,CMPEN331,1
mor8879@lionstate.edu,ECON101,2
mlo6731@lionstate.edu,CMPSC465,1
mgr1249@lionstate.edu,CHEM112,2
lly4642@lionstate.edu,DS120,2
mdo7786@lionstate.edu,CMPSC311,2
jdi6068@lionstate.edu,EE320,2
sko1421@lionstate.edu,CHEM112,2
mtr7454@lionstate.edu,EE320,1
mmc4653@lionstate.edu,CMPEN270,2
nwi5569@lionstate.edu,CMPEN331,2
tdo6032@lionstate.edu,IST128,2
jwo9868@lionstate.edu,STAT415,2
spa6019@lionstate.edu,EE330,1
mli3321@lionstate.edu,CMPSC448,1
kcr5457@lionstate.edu,ECON101,2
ld'3923@lionstate.edu,IST558,2
oca4581@lionstate.edu,MATH141,2
mab6845@lionstate.edu,EE330,2
jhe3279@lionstate.edu,MATH140,2
mde2599@lionstate.edu,CMPEN270,1
rma3714@lionstate.edu,DS220,2
ogo3872@lionstate.edu,ECON101,2
mar6527@lionstate.edu,ECON201,1
kks7927@lionstate.edu,CMPSC360,2
jja6275@lionstate.edu,STAT414,1
lha1165@lionstate.edu,MATH141,2
lro5092@lionstate.edu,EE352,1
rro8624@lionstate.edu,STAT414,2
xbe4075@lionstate.edu,CMPSC461,2
mbe5897@lionstate.edu,CMPSC221,1
msp2396@lionstate.edu,CMPEN441,2
lma3997@lionstate.edu,PHYS212,2
jad9991@lionstate.edu,EE352,2
zok8115@lionstate.edu,CMPSC475,1
lra5429@lionstate.edu,CMPSC221,2
kto3075@lionstate.edu,EE210,1
lha1007@lionstate.edu,CHEM110,1
mja6914@lionstate.edu,MATH141,1
mo'2102@lionstate.edu,PHYS213,2
mra9348@lionstate.edu,CMPSC461,1
rra2944@lionstate.edu,IST128,1
sei2746@lionstate.edu,CMPEN270,2
jma9081@lionstate.edu,IST558,1
zgo6248@lionstate.edu,IST110,2
mte5290@lionstate.edu,DS220,2
khe4237@lionstate.edu,CSE583,2
rto9639@lionstate.edu,CHEM112,1
jre4487@lionstate.edu,CMPSC131,1
mco4950@lionstate.edu,CMPEN270,2
ocr4281@lionstate.edu,STAT319,1
ppo3674@lionstate.edu,ECON102,1
sro6593@lionstate.edu,CMPEN331,2
mbe8122@lionstate.edu,ECON101,2
mta1412@lionstate.edu,EE210,1
ssc5113@lionstate.edu,MATH140,2
lto8681@lionstate.edu,DS120,1
mmo9633@lionstate.edu,DS220,2
mku3286@lionstate.edu,EE353,1
jku4357@lionstate.edu,STAT415,1
lcr9996@lionstate.edu,CMPSC475,1
jst7299@lionstate.edu,PHYS212,2
ssc3796@lionstate.edu,STAT415,1
mad5228@lionstate.edu,DS220,1
swa2238@lionstate.edu,CMPEN411,2
sma7982@lionstate.edu,CMPEN331,1
mlu2848@lionstate.edu,CHEM110,2
khe2935@lionstate.edu,EE212,2
kte7157@lionstate.edu,PHYS214,1
kri6727@lionstate.edu,EE212,2
kor8639@lionstate.edu,CSE583,2
mfi6371@lionstate.edu,MATH231,1
mkr4574@lionstate.edu,CSE583,2
smu8714@lionstate.edu,CMPEN411,1
rbi9155@lionstate.edu,ECON102,2
jro5974@lionstate.edu,STAT318,1
ktr6772@lionstate.edu,CSE583,1
wda9016@lionstate.edu,EE330,2
rfa8532@lionstate.edu,STAT318,1
mne6555@lionstate.edu,PHYS213,1
sre4987@lionstate.edu,DS120,2
tmc7639@lionstate.edu,IST110,1
lsc9165@lionstate.edu,EE211,1
rra4659@lionstate.edu,STAT318,1
qjo2835@lionstate.edu,CMPSC448,2
jpr1678@lionstate.edu,MATH140,1
msm4734@lionstate.edu,CMPEN431,1
smc5761@lionstate.edu,CMPEN441,2
mpo6230@lionstate.edu,PHYS212,1
mda7325@lionstate.edu,CSE543,1
mcr8647@lionstate.edu,EE352,2
wan5226@lionstate.edu,EE212,1
mpa1579@lionstate.edu,MATH231,1
vle9800@lionstate.edu,EE211,1
mde4739@lionstate.edu,PHYS214,2
rhu1999@lionstate.edu,CMPSC360,1
mco7612@lionstate.edu,CMPSC311,2
jha8710@lionstate.edu,PHYS214,2
ivo1134@lionstate.edu,CMPSC465,1
ire9271@lionstate.edu,ECON201,2
mro8475@lionstate.edu,ECON102,2
rro5798@lionstate.edu,CMPEN431,1
rhu3482@lionstate.edu,CMPEN454,1
mja6117@lionstate.edu,CHEM110,1
mma4302@lionstate.edu,CMPEN441,1
mam2014@lionstate.edu,ECON101,1
jma7277@lionstate.edu,ECON102,2
mzi4705@lionstate.edu,STAT318,2
kmc2382@lionstate.edu,EE212,1
omu5991@lionstate.edu,EE352,1
jma1975@lionstate.edu,ECON102,1
jke6352@lionstate.edu,CMPEN270,2
rle2901@lionstate.edu,ECON201,2
mgr5494@lionstate.edu,ECON102,1
lbe3921@lionstate.edu,CMPSC311,2
ppa6961@lionstate.edu,EE340,1
swa7358@lionstate.edu,STAT319,2
lmo1800@lionstate.edu,MATH230,2
mha4751@lionstate.edu,PHYS213,1
kwi7687@lionstate.edu,EE330,1
pab5129@lionstate.edu,ECON101,1
swi5077@lionstate.edu,EE352,2
rla2797@lionstate.edu,CMPEN331,1
sbr3123@lionstate.edu,EE352,2
lmo4016@lionstate.edu,CSE543,2
mmc7342@lionstate.edu,DS220,1
sdo3750@lionstate.edu,CMPSC360,2
mzi8291@lionstate.edu,EE330,1
mom6938@lionstate.edu,PHYS213,1
msc9287@lionstate.edu,EE320,1
wru8295@lionstate.edu,CMPEN362,1
oup4229@lionstate.edu,CMPEN331,1
mli2334@lionstate.edu,PHYS213,1
lhe3112@lionstate.edu,MATH140,2
rsc9635@lionstate.edu,CMPEN331,1
mbr9751@lionstate.edu,MATH141,2
mhi9404@lionstate.edu,CMPEN270,2
sgr1450@lionstate.edu,CMPSC131,1
slu4029@lionstate.edu,CSE583,1
tzu3964@lionstate.edu,PHYS211,1
bkr1614@lionstate.edu,CMPEN411,2
afe9226@lionstate.edu,MATH231,2
atr7724@lionstate.edu,CMPSC475,1
bbe1971@lionstate.edu,CHEM112,2
abl5494@lionstate.edu,CMPSC132,1
asc7849@lionstate.edu,EE330,2
asc2462@lionstate.edu,PHYS214,2
amc6705@lionstate.edu,CSE543,1
abe7143@lionstate.edu,EE320,2
abu4594@lionstate.edu,CMPSC448,1
agl6867@lionstate.edu,CHEM112,1
aer4333@lionstate.edu,CMPEN454,2
asc3862@lionstate.edu,CMPEN351,2
asp5352@lionstate.edu,ECON101,2
aho2701@lionstate.edu,CMPSC132,1
acr7084@lionstate.edu,CMPSC461,1
bst2160@lionstate.edu,IST128,1
ari8290@lionstate.edu,CMPEN270,1
bke6313@lionstate.edu,STAT414,2
ahe6284@lionstate.edu,EE311,1
ast8005@lionstate.edu,DS220,1
aha8564@lionstate.edu,CMPSC497,2
bly7859@lionstate.edu,EE353,1
bpa6768@lionstate.edu,IST558,2
ahe1279@lionstate.edu,CMPSC497,2
awa9571@lionstate.edu,STAT415,2
apa2541@lionstate.edu,EE210,2
awa1809@lionstate.edu,STAT414,1
abr2628@lionstate.edu,MATH230,2
asi6829@lionstate.edu,CMPEN362,1
awi4582@lionstate.edu,EE353,2
abl8902@lionstate.edu,STAT318,2
ayo6298@lionstate.edu,CMPEN411,2
ama3077@lionstate.edu,DS120,2
co'1788@lionstate.edu,CMPEN411,1
bgi3522@lionstate.edu,CMPEN331,2
czb9309@lionstate.edu,CMPEN362,1
cha9704@lionstate.edu,PHYS213,1
ama6515@lionstate.edu,IST558,1
cgi1101@lionstate.edu,EE353,1
cha2583@lionstate.edu,EE311,2
cdo9201@lionstate.edu,CMPSC461,1
bbe7235@lionstate.edu,CSE583,1
aje9160@lionstate.edu,MATH141,2
csp7875@lionstate.edu,CMPSC132,1
ali7453@lionstate.edu,EE212,2
dgo8205@lionstate.edu,CMPSC431W,1
awi7768@lionstate.edu,CMPSC448,2
bre4160@lionstate.edu,CMPSC132,1
cbi3526@lionstate.edu,EE211,1
dhu6635@lionstate.edu,CHEM110,1
bpa2803@lionstate.edu,MATH140,2
cgu3158@lionstate.edu,CMPEN270,1
cos1799@lionstate.edu,CMPSC131,1
dka4769@lionstate.edu,CMPEN331,1
ago3924@lionstate.edu,CSE583,2
bha9246@lionstate.edu,CMPSC221,1
ast8438@lionstate.edu,CSE583,1
bko7832@lionstate.edu,STAT319,1
dsh8625@lionstate.edu,CMPEN441,2
acr2307@lionstate.edu,CMPSC465,2
cku1462@lionstate.edu,EE353,2
cfl5329@lionstate.edu,CMPSC448,2
bre8066@lionstate.edu,IST558,1
cre5153@lionstate.edu,MATH230,2
che7946@lionstate.edu,MATH230,2
dhe6440@lionstate.edu,CMPSC475,1
bja8759@lionstate.edu,IST110,1
chi8541@lionstate.edu,MATH140,1
aku9191@lionstate.edu,EE330,2
ago2420@lionstate.edu,CMPEN270,2
bbe6804@lionstate.edu,CMPSC131,1
awi6807@lionstate.edu,PHYS211,2
cra1384@lionstate.edu,CMPEN431,1
cni4777@lionstate.edu,ECON201,2
bmu5779@lionstate.edu,STAT415,1
cru1287@lionstate.edu,CMPSC431W,2
abr2910@lionstate.edu,EE210,1
cro4659@lionstate.edu,EE210,1
asc7710@lionstate.edu,CHEM110,1
bbi5217@lionstate.edu,MATH231,2
cwi9696@lionstate.edu,IST558,1
amu1271@lionstate.edu,PHYS214,1
cbr3311@lionstate.edu,CSE543,2
ahu9998@lionstate.edu,STAT414,1
bhu8777@lionstate.edu,CMPEN362,1
cke5626@lionstate.edu,STAT319,2
cre3514@lionstate.edu,MATH140,2
aan1394@lionstate.edu,DS220,1
cre5333@lionstate.edu,CMPEN411,1
cti9525@lionstate.edu,MATH231,2
bwi3191@lionstate.edu,CMPSC465,1
cgr2892@lionstate.edu,CMPSC221,2
cch7675@lionstate.edu,ECON101,1
cco4658@lionstate.edu,CMPSC448,2
car7539@lionstate.edu,ECON102,1
cqu9106@lionstate.edu,EE352,2
cni4297@lionstate.edu,PHYS211,1
bla8825@lionstate.edu,EE320,2
ban4029@lionstate.edu,EE210,1
cwi9611@lionstate.edu,CMPSC221,1
cma2608@lionstate.edu,EE211,1
cke2909@lionstate.edu,CMPSC360,2
con6570@lionstate.edu,DS120,1
csc4424@lionstate.edu,STAT414,2
bco6864@lionstate.edu,STAT319,2
afe8207@lionstate.edu,CMPEN331,1
amo1787@lionstate.edu,PHYS211,2
bpa4624@lionstate.edu,PHYS213,2
cwe7743@lionstate.edu,CMPSC448,1
bla3620@lionstate.edu,DS120,1
csp1832@lionstate.edu,IST110,1
aha9580@lionstate.edu,EE210,2
csc4465@lionstate.edu,MATH140,2
bke2342@lionstate.edu,EE352,1
che2186@lionstate.edu,MATH231,2
aro5610@lionstate.edu,IST110,2
bmu2685@lionstate.edu,IST110,1
bsh2898@lionstate.edu,CMPEN441,1
cau6355@lionstate.edu,CMPSC465,1
cba9384@lionstate.edu,DS220,1
dho6824@lionstate.edu,IST558,1
ali8320@lionstate.edu,ECON201,1
aku5912@lionstate.edu,MATH140,2
cal6530@lionstate.edu,CMPEN441,2
ast1417@lionstate.edu,CMPSC465,1
cke2083@lionstate.edu,CMPSC131,1
dro6812@lionstate.edu,EE210,2
csc6517@lionstate.edu,STAT414,2
bdo2641@lionstate.edu,ECON101,2
ble4792@lionstate.edu,CMPEN270,1
bol9798@lionstate.edu,EE212,1
cke5290@lionstate.edu,MATH231,2
agu4622@lionstate.edu,CSE583,2
bfa8479@lionstate.edu,PHYS211,2
dba2379@lionstate.edu,CMPEN431,2
asc5301@lionstate.edu,CSE543,1
cda4101@lionstate.edu,CHEM111,2
aja6920@lionstate.edu,CMPEN362,2
aef3745@lionstate.edu,CHEM111,2
cco1519@lionstate.edu,EE212,2
bro8229@lionstate.edu,PHYS213,1
dcr2568@lionstate.edu,CHEM111,1
apo8918@lionstate.edu,CMPEN331,2
bbe8960@lionstate.edu,EE212,2
cpr2105@lionstate.edu,PHYS211,2
dhi1400@lionstate.edu,CMPEN411,1
ao'9620@lionstate.edu,EE330,2
cst7897@lionstate.edu,CMPEN331,2
cwi9823@lionstate.edu,MATH140,1
cmu4682@lionstate.edu,CMPSC360,1
abr4642@lionstate.edu,CMPSC497,2
cwa6554@lionstate.edu,CMPEN411,2
awo8057@lionstate.edu,EE340,1
cba7752@lionstate.edu,STAT319,2
btu9894@lionstate.edu,CSE583,2
cst5445@lionstate.edu,STAT319,2
dbo6055@lionstate.edu,CMPSC360,1
csi7325@lionstate.edu,CMPEN270,2
eho2438@lionstate.edu,CMPEN270,1
gla6703@lionstate.edu,CMPEN270,2
eul3401@lionstate.edu,CMPEN351,1
gje5238@lionstate.edu,ECON102,1
fem3105@lionstate.edu,ECON201,2
ewa3673@lionstate.edu,CHEM111,1
eda6907@lionstate.edu,CSE583,1
gpa9063@lionstate.edu,EE311,2
isc1736@lionstate.edu,ECON201,1
iem2812@lionstate.edu,PHYS214,2
eko8983@lionstate.edu,PHYS214,1
gja2457@lionstate.edu,CHEM111,1
dgu6109@lionstate.edu,EE352,2
emo2262@lionstate.edu,EE320,1
dbu9499@lionstate.edu,MATH230,2
gle6196@lionstate.edu,CMPSC448,2
das7737@lionstate.edu,DS120,1
eda3706@lionstate.edu,CMPEN331,1
gri9899@lionstate.edu,IST558,1
fko5077@lionstate.edu,STAT415,1
eau5556@lionstate.edu,STAT414,2
dle5410@lionstate.edu,IST110,1
dka3721@lionstate.edu,PHYS213,2
do'6054@lionstate.edu,EE320,1
ewa2037@lionstate.edu,STAT318,1
dwu9169@lionstate.edu,CSE543,1
fo'6167@lionstate.edu,EE210,2
don6643@lionstate.edu,EE212,2
dle3899@lionstate.edu,ECON101,2
hco5500@lionstate.edu,CMPSC132,2
fwi8821@lionstate.edu,CMPSC360,1
fbe8649@lionstate.edu,CMPSC461,1
ejo5512@lionstate.edu,CMPSC311,2
gsp6165@lionstate.edu,CMPEN454,1
hsc7353@lionstate.edu,CHEM112,2
ere1755@lionstate.edu,CMPSC448,2
gba7661@lionstate.edu,CMPSC221,1
eha5861@lionstate.edu,CMPEN331,2
dsc6643@lionstate.edu,EE353,1
dwi1180@lionstate.edu,MATH140,1
ebe7690@lionstate.edu,MATH141,1
gbr1918@lionstate.edu,CMPSC448,2
ebo5772@lionstate.edu,STAT415,2
fmu1882@lionstate.edu,STAT415,2
ili9357@lionstate.edu,ECON101,2
ebe1511@lionstate.edu,CMPSC465,1
gbe6590@lionstate.edu,IST110,1
elo4775@lionstate.edu,PHYS212,2
dza5980@lionstate.edu,MATH140,1
emi8232@lionstate.edu,MATH140,1
dde2898@lionstate.edu,CMPSC475,2
hbe2422@lionstate.edu,CMPEN351,2
dul8690@lionstate.edu,CMPSC461,1
dos5296@lionstate.edu,CMPSC475,2
hha5862@lionstate.edu,PHYS213,2
gli8369@lionstate.edu,CMPEN454,1
dsy2833@lionstate.edu,CMPSC132,1
eja9335@lionstate.edu,IST558,1
dto9651@lionstate.edu,CMPSC461,1
gha1127@lionstate.edu,CMPSC461,2
dgr2584@lionstate.edu,CMPSC360,2
hqu9235@lionstate.edu,ECON201,2
dli7331@lionstate.edu,CSE543,1
fke9331@lionstate.edu,EE320,2
hsc9271@lionstate.edu,STAT318,1
ega5701@lionstate.edu,STAT319,2
eha3605@lionstate.edu,CMPSC221,1
dgr3445@lionstate.edu,CHEM112,2
ewi7719@lionstate.edu,MATH230,1
dra6398@lionstate.edu,CMPEN441,2
iba6268@lionstate.edu,CMPEN411,2
efe7194@lionstate.edu,CMPEN351,1
hsa7005@lionstate.edu,CSE583,2
dhe4675@lionstate.edu,CMPSC431W,2
glu5165@lionstate.edu,EE210,2
gro7380@lionstate.edu,EE330,1
hmc3828@lionstate.edu,CMPEN431,1
era1993@lionstate.edu,EE211,1
ekr7262@lionstate.edu,ECON102,1
gro1175@lionstate.edu,EE211,1
fwi1167@lionstate.edu,EE212,2
fco4453@lionstate.edu,DS120,2
hho2415@lionstate.edu,CMPEN431,1
dgl1808@lionstate.edu,CMPSC431W,1
dpr1912@lionstate.edu,CHEM110,1
gda4655@lionstate.edu,EE340,1
dgu3121@lionstate.edu,MATH141,2
gri9047@lionstate.edu,CMPEN441,1
dka8555@lionstate.edu,EE340,1
fru9222@lionstate.edu,CMPSC360,2
hco6423@lionstate.edu,CMPEN270,2
fan4600@lionstate.edu,CHEM111,2
ffe7299@lionstate.edu,ECON101,1
gje9368@lionstate.edu,CHEM110,2
dke5393@lionstate.edu,EE352,1
gha3078@lionstate.edu,PHYS213,2
gsc7459@lionstate.edu,CMPSC465,1
ebo8800@lionstate.edu,PHYS214,2
dth9255@lionstate.edu,CMPEN351,2
emu6564@lionstate.edu,STAT414,2
hha5390@lionstate.edu,CMPSC311,1
eha9004@lionstate.edu,CMPSC461,2
hma5409@lionstate.edu,ECON101,2
equ5569@lionstate.edu,EE210,2
hwi7295@lionstate.edu,CMPSC461,2
ewa4239@lionstate.edu,ECON101,2
eku6733@lionstate.edu,EE352,1
dmo3632@lionstate.edu,IST110,1
eru8875@lionstate.edu,CSE543,2
ewi7053@lionstate.edu,EE311,1
gpf4338@lionstate.edu,CMPSC475,1
dhi2046@lionstate.edu,EE212,2
eor3911@lionstate.edu,CMPSC431W,1
dar8112@lionstate.edu,EE352,2
gdo2323@lionstate.edu,EE320,2
dmo8469@lionstate.edu,CMPSC360,2
djo7177@lionstate.edu,PHYS213,2
dgo7552@lionstate.edu,MATH231,2
iwe8564@lionstate.edu,DS220,2
dsw8653@lionstate.edu,STAT415,2
dsc8667@lionstate.edu,CMPSC461,2
hla2951@lionstate.edu,CMPSC131,2
dwe7522@lionstate.edu,EE212,2
fto3481@lionstate.edu,CMPSC448,2
fsc6641@lionstate.edu,CMPEN411,1
dsc6224@lionstate.edu,PHYS212,2
est8109@lionstate.edu,STAT319,1
gtu8968@lionstate.edu,ECON201,2
dca4962@lionstate.edu,PHYS212,2
eke2974@lionstate.edu,CMPEN362,2
fgo6601@lionstate.edu,CHEM111,1
dau4671@lionstate.edu,CHEM110,1
fst4172@lionstate.edu,CMPEN270,1
ewu3608@lionstate.edu,CHEM111,1
hha4579@lionstate.edu,DS220,2
gdi6403@lionstate.edu,STAT415,1
gho9279@lionstate.edu,PHYS214,1
hbe9043@lionstate.edu,EE330,1
dlu5342@lionstate.edu,MATH141,2
fwi4093@lionstate.edu,MATH231,1
gbo5236@lionstate.edu,CMPSC448,2
eda1662@lionstate.edu,MATH231,2
ero7419@lionstate.edu,MATH231,1
eje5154@lionstate.edu,CMPSC131,1
gsh4183@lionstate.edu,CMPEN441,1
dmo5043@lionstate.edu,EE210,2
fho6099@lionstate.edu,CMPSC131,1
gri8843@lionstate.edu,IST128,2
hmo1766@lionstate.edu,CMPSC475,1
egr8661@lionstate.edu,DS220,1
emo9364@lionstate.edu,CMPEN431,1
ego5088@lionstate.edu,CMPSC461,1
dco3584@lionstate.edu,EE320,2
eos2514@lionstate.edu,STAT318,1
ekr7111@lionstate.edu,STAT415,2
ibl7919@lionstate.edu,CMPSC497,1
dll1126@lionstate.edu,STAT318,2
ghe6923@lionstate.edu,STAT415,2
dca7691@lionstate.edu,CMPSC360,1
ema3198@lionstate.edu,CHEM112,2
dko7141@lionstate.edu,PHYS211,2
gsc8857@lionstate.edu,MATH140,1
gpo8007@lionstate.edu,CMPEN431,2
esc3235@lionstate.edu,ECON201,2
dsc1531@lionstate.edu,PHYS214,2
era5006@lionstate.edu,PHYS211,2
dos4686@lionstate.edu,CMPSC465,2
ero6656@lionstate.edu,STAT415,1
dsp8278@lionstate.edu,EE330,1
dgu2182@lionstate.edu,CMPSC497,2
dru6558@lionstate.edu,MATH230,2
era8695@lionstate.edu,STAT319,2
gco1287@lionstate.edu,PHYS212,2
dau3899@lionstate.edu,DS120,2
gke6046@lionstate.edu,CMPEN454,2
hst8869@lionstate.edu,EE211,1
hbo6532@lionstate.edu,MATH140,1
hdu6288@lionstate.edu,CMPSC221,2
dma2479@lionstate.edu,EE320,2
esm5729@lionstate.edu,ECON102,2
emc1573@lionstate.edu,PHYS212,1
dre1763@lionstate.edu,ECON201,2
dwe1922@lionstate.edu,CMPSC221,1
dha8330@lionstate.edu,CMPSC431W,1
evo3410@lionstate.edu,STAT414,2
gwa4795@lionstate.edu,EE352,1
dre1837@lionstate.edu,CMPSC448,1
dha4724@lionstate.edu,MATH230,1
dcr5796@lionstate.edu,CHEM111,1
fho3009@lionstate.edu,CMPSC497,1
ewi3696@lionstate.edu,EE340,1
eba8031@lionstate.edu,CHEM111,2
fru6436@lionstate.edu,CMPSC131,2
ebl1301@lionstate.edu,EE211,1
eef9004@lionstate.edu,IST128,2
ero4695@lionstate.edu,CSE543,2
dan1283@lionstate.edu,CMPEN362,1
dru1153@lionstate.edu,PHYS214,1
eja4563@lionstate.edu,CMPEN454,2
dfo8788@lionstate.edu,PHYS212,1
dsa5269@lionstate.edu,STAT319,2
hko4058@lionstate.edu,CMPEN411,1
dgi6063@lionstate.edu,IST110,1
ema6571@lionstate.edu,STAT318,2
gku4413@lionstate.edu,STAT318,1
gcu8420@lionstate.edu,CMPSC360,1
djo8575@lionstate.edu,MATH230,2
hru3139@lionstate.edu,CMPEN331,1
fbe3368@lionstate.edu,CMPSC431W,1
del6081@lionstate.edu,EE352,2
fma3537@lionstate.edu,CMPSC497,2
fry4954@lionstate.edu,CHEM110,2
dla7510@lionstate.edu,STAT415,1
dfl8617@lionstate.edu,EE353,1
