aly8942@lionstate.edu,as,Alisa Lynch,19,F,CHEM,78 South Brewery Ave. ,62901,1
amu1270@lionstate.edu,as,Alisha Murray,21,F,CMPSC,639 Princeton Rd. ,46376,1
aki5907@lionstate.edu,p0ulbn26,Alice Kiehn,20,M,PHYS,8985 Cambridge Ave. ,30529,0
ash5820@lionstate.edu,06e84eor,Anastasia Shields,18,F,CSE,55 Hall St. ,72571,0
ale8219@lionstate.edu,ev4n7hoh,Alyce Leuschke Jr.,21,M,PHYS,232 W. Homewood Ave. ,80104,0
ale8939@lionstate.edu,oqt6byzj,Althea Leuschke,21,F,PHYS,608 North Addison St. ,91042,0
ahi5324@lionstate.edu,d797xc1r,Alysa Hintz,20,F,EE,7764 Union Avenue ,52041,0
abe4600@lionstate.edu,gr1wwq45,Alisha Beier,21,M,CSE,91 S. Gartner Street ,33162,0
akr4205@lionstate.edu,uy8t28xc,Anastacio Krajcik,18,F,DS,7195 North Canterbury Circle ,86426,0
ato9019@lionstate.edu,dfo34diu,Alfonso Torp,18,F,PHYS,963 Court Road ,80820,0
asc2712@lionstate.edu,l55ah9nv,Alexis Schulist,22,M,CMPEN,9599 La Sierra St. ,62943,0
aha9325@lionstate.edu,a1uqkqum,Alicia Harber,22,F,MATH,83 Corona Street ,62684,0
abo7856@lionstate.edu,h18e8b5s,Amiya Bogisich II,18,M,MATH,361 E. Sierra Street ,47360,0
atr9605@lionstate.edu,wxl0jmfp,Alfredo Trantow,20,F,CMPSC,7450 West Manchester Street ,46121,0
aok9861@lionstate.edu,o81zf7vv,Alysson Okuneva,20,F,MATH,863 Stillwater Road ,62824,0
ali8897@lionstate.edu,4n61e74y,Anabel Littel,22,M,EE,798 North Euclid Drive ,30277,0
abe6138@lionstate.edu,frmyglmo,Alycia Berge,20,F,EE,8687 N. Sleepy Hollow Court ,50244,0
ale7189@lionstate.edu,ougfoqn0,Ali Ledner,19,F,STAT,608 North Addison St. ,71602,0
aja3132@lionstate.edu,nthuiyec,Angela Jast Jr.,19,M,STAT,141 Gulf Rd. ,33847,0
aro5704@lionstate.edu,5h880la6,Amely Rohan,18,F,PHYS,18 Lakeview Street ,39834,0
amo7945@lionstate.edu,wd5xogip,Amaya Mosciski,19,F,CMPSC,7764 Union Avenue ,32927,0
ast1122@lionstate.edu,93fj0cwc,Alexys Stanton,21,M,EE,9659 Rosewood Drive ,61870,0
azu5256@lionstate.edu,mg8nk8d5,Allene Zulauf,22,M,ECON,358 Marvon Ave. ,96058,0
abo9166@lionstate.edu,gjgm1fqt,Alysa Bosco Sr.,19,F,EE,7529 Old Sunset Road ,62884,0
apa5949@lionstate.edu,uh69s5qo,Amie Pacocha,18,M,ECON,608 North Addison St. ,60932,0
aga6525@lionstate.edu,h5rqfz6v,Amara Gaylord,22,F,PHYS,780 East Redwood Drive ,30078,0
ami4349@lionstate.edu,viq0h6xe,Americo Mitchell,19,M,MATH,9498 Newport Ave. ,62320,0
abr9092@lionstate.edu,tr7phe04,Alivia Brown DDS,21,F,CHEM,780 East Redwood Drive ,33035,0
ahe1989@lionstate.edu,t4v6sg4w,Alexane Hermann,21,F,ECON,88 Harrison Street ,60613,0
ade2931@lionstate.edu,pt2zj3ku,Amaya Denesik,19,F,CHEM,639 Princeton Rd. ,62530,0
awi2065@lionstate.edu,9gbzyxsk,Andre Will,22,F,CMPSC,8687 N. Sleepy Hollow Court ,51573,0
lje9488@lionstate.edu,p7yiphsy,Lenna Jewess Sr.,19,F,DS,7313 Stillwater Lane ,31216,0
rbr2525@lionstate.edu,mn60ih69,Rosie Bruen,21,M,CSE,453 North Elm Dr. ,61252,0
ldi6656@lionstate.edu,1vnxmx51,Lorenzo Dickens,19,M,CSE,8131 Elizabeth Ave. ,50515,0
mdi4539@lionstate.edu,cjiicgr5,Marjorie Dickinson,19,F,CMPEN,963 Court Road ,32925,0
kfa9089@lionstate.edu,m0bdut14,Keon Fadel,21,M,CMPEN,7764 Union Avenue ,94601,0
pzi2408@lionstate.edu,7j7rei4g,Penelope Ziemann,22,F,STAT,185 E. Trenton Street ,85354,0
mru3359@lionstate.edu,2mjlwhvc,Maximilian Ruecker,21,M,CSE,308 Mammoth Dr. ,34609,0
sco1712@lionstate.edu,p8ieksdz,Samanta Collier,18,M,CSE,7297 Applegate St. ,30523,0
tpa5190@lionstate.edu,od1asurx,Tyree Pacocha,22,M,CHEM,7529 Old Sunset Road ,34210,0
ihi8422@lionstate.edu,d5mus3og,Ima Hilll,22,F,CHEM,9498 Newport Ave. ,80652,0
mel3938@lionstate.edu,61ip5i1a,Miss Ellsworth Goyette,20,M,IST,266 Second Street ,52776,0
pri2221@lionstate.edu,09vhc6ga,Pasquale Ritchie,21,M,IST,232 W. Homewood Ave. ,52571,0
nku3451@lionstate.edu,1vpw660p,Nicolas Kunde,19,F,CMPSC,83 Corona Street ,96132,0
jze6681@lionstate.edu,9z5xs7i4,Jaunita Zemlak,22,M,CHEM,6 Andover Dr. ,20390,0
jpa6316@lionstate.edu,6f4h1qhw,Jaunita Paucek,18,F,CMPSC,7297 Applegate St. ,91106,0
lke7167@lionstate.edu,i15k2z5c,Luisa Keebler,21,F,STAT,251 West Sheffield Drive ,94947,0
kst7090@lionstate.edu,a31lbs06,Karli Streich DDS,20,M,EE,9236 El Dorado St. ,30339,0
mst7516@lionstate.edu,xbodkb1p,Miss Stanton Hyatt,20,F,PHYS,63 Lake Forest Road ,32164,0
ihu2594@lionstate.edu,c6m8qq2y,Isobel Hudson,20,F,CMPSC,9408 Anderson Court ,81240,0
sma8389@lionstate.edu,cyr5laao,Shaun Marvin,20,F,STAT,8985 Cambridge Ave. ,72852,0
jsc7283@lionstate.edu,juqc63zz,Justina Schuster,19,M,DS,285 Dogwood Drive ,95337,0
mbl5527@lionstate.edu,iqt9wnaq,Manuela Blick,18,F,STAT,963 Court Road ,50231,0
rmc1213@lionstate.edu,zibhv380,Reina McLaughlin Jr.,18,F,DS,7313 Stillwater Lane ,86042,0
mge3655@lionstate.edu,hhoz4znw,Miss Gennaro Torphy,18,F,EE,863 Stillwater Road ,46347,0
kca7584@lionstate.edu,o19o3kra,Kaleb Carter MD,20,M,CMPEN,639 Princeton Rd. ,80816,0
rhi3330@lionstate.edu,cz4rv678,Reva Hirthe,18,F,CSE,141 Gulf Rd. ,47469,0
jha3634@lionstate.edu,e3gvatua,Jennie Haag,19,M,IST,185 E. Trenton Street ,85251,0
mse3018@lionstate.edu,t97xa8jr,Mikayla Senger,21,F,EE,7313 Stillwater Lane ,94107,0
jle7688@lionstate.edu,hza255xn,Janis Leffler,20,M,MATH,182 Spring Street ,91203,0
mre6097@lionstate.edu,u50mz2ki,Maverick Rempel,22,F,MATH,7195 North Canterbury Circle ,52737,0
mar7316@lionstate.edu,ql6wokcz,Myrtice Armstrong,20,F,ECON,7313 Stillwater Lane ,46324,0
rbo4096@lionstate.edu,6ch26zsv,Roy Boehm,22,F,CMPEN,91 S. Gartner Street ,62358,0
jco8261@lionstate.edu,zrziiod8,Jackie Considine,19,F,CMPSC,91 S. Gartner Street ,50851,0
kgu3649@lionstate.edu,c6zw7xeq,Kristofer Gusikowski,21,M,DS,9408 Anderson Court ,92008,0
lgr2017@lionstate.edu,td7qer7k,Letitia Graham,19,F,STAT,3 North Linden Ave. ,61274,0
sgr6837@lionstate.edu,885lnlgn,Skye Graham,22,F,CMPEN,266 Second Street ,95425,0
tpr4269@lionstate.edu,3w4nls9b,Thora Predovic Sr.,19,F,CMPSC,285 Dogwood Drive ,47434,0
sbo2144@lionstate.edu,9yzoqecx,Suzanne Botsford,19,F,CMPEN,3 North Linden Ave. ,85192,0
mha5312@lionstate.edu,ldrwndyy,Mr. Hallie Crooks,18,M,ECON,78 South Brewery Ave. ,30755,0
vsa8991@lionstate.edu,zagzjbh5,Vilma Sauer,22,M,PHYS,120 Heritage Lane ,30113,0
mma8341@lionstate.edu,5zsqvzsa,Mrs. Marlee Ward,21,M,CMPSC,7195 North Canterbury Circle ,6066,0
tgl2369@lionstate.edu,mujxipgm,Theresa Glover,21,M,STAT,708 York Dr. ,80615,0
mku3151@lionstate.edu,5tplvmde,Meredith Kuhlman DVM,22,M,MATH,336 Myrtle Street ,62888,0
sal4395@lionstate.edu,h4hxgcq7,Santino Altenwerth,21,F,MATH,8378 West Pulaski Ave. ,83616,0
kni2503@lionstate.edu,56evzicb,Kiley Nienow PhD,20,F,MATH,285 Dogwood Drive ,92624,0
jki2803@lionstate.edu,8axiqzsa,Joe Kirlin DDS,21,M,CSE,87 Vermont St. ,50654,0
mdu3807@lionstate.edu,7zez3zsk,Malvina DuBuque,18,F,ECON,88 Harrison Street ,81332,0
mch6748@lionstate.edu,7vx7covg,Mrs. Chasity Schamberger,20,M,CMPSC,7450 West Manchester Street ,95231,0
lla3945@lionstate.edu,yt1zlei9,Lucius Lakin,20,F,PHYS,7130 Longfellow Dr. ,32359,0
mre5662@lionstate.edu,1c8zbevj,Mariane Reilly,22,M,IST,453 North Elm Dr. ,52569,0
tba6345@lionstate.edu,0m29rudy,Tara Baumbach,19,M,CSE,963 Court Road ,46310,0
wmo7407@lionstate.edu,vohtstyp,Wilfred Moen,20,M,PHYS,7529 Old Sunset Road ,72383,0
jbr7032@lionstate.edu,rhw24sr5,Jodie Brekke Sr.,21,M,CHEM,8985 Cambridge Ave. ,96103,0
ko'2102@lionstate.edu,88zlsj5j,Kristopher O'Connell,21,F,CMPSC,7764 Union Avenue ,30341,0
zjo1462@lionstate.edu,t2ujdmui,Zackary Johnson,18,F,ECON,7297 Applegate St. ,94107,0
mba9287@lionstate.edu,obmm3eek,Max Bashirian,18,F,ECON,608 North Addison St. ,32754,0
mru3829@lionstate.edu,xkuhje6t,Marietta Runolfsson,21,F,CMPSC,708 York Dr. ,33778,0
mde6603@lionstate.edu,kr7ql6nc,Ms. Devante Frami,21,F,CHEM,7195 North Canterbury Circle ,93004,0
kmi8049@lionstate.edu,re55bd6w,Kali Mills,19,M,MATH,185 E. Trenton Street ,51031,0
sgl1030@lionstate.edu,lfd2z2k3,Shaun Glover,22,F,IST,182 Spring Street ,61742,0
mst1558@lionstate.edu,t2xd9avn,Mariana Stokes,19,M,MATH,266 Second Street ,32780,0
tmo8266@lionstate.edu,7i18zf4n,Tommie Mosciski,22,F,CMPSC,9408 Anderson Court ,30473,0
jgr3574@lionstate.edu,xms08kb4,Jailyn Green,22,M,CHEM,7195 North Canterbury Circle ,30410,0
ycr1322@lionstate.edu,wagux3h8,Yessenia Crona,21,M,CMPSC,120 Heritage Lane ,52737,0
sst9336@lionstate.edu,8z5pnlui,Serena Stiedemann,22,F,EE,8378 West Pulaski Ave. ,52555,0
rbo1548@lionstate.edu,2xpz77r8,Ressie Boyer,21,M,CMPEN,9659 Rosewood Drive ,31701,0
zre8115@lionstate.edu,cqu4oqqk,Zackery Reynolds,20,F,CHEM,185 E. Trenton Street ,51005,0
rch5723@lionstate.edu,tqdgdwnl,Robb Christiansen,22,M,EE,798 North Euclid Drive ,60551,0
jtu5218@lionstate.edu,pjjaks2g,Joaquin Turner,21,M,DS,7313 Stillwater Lane ,95388,0
lob8984@lionstate.edu,bn47qlis,Lucy Oberbrunner,21,M,CHEM,4 Old Academy Drive ,80229,0
tru4888@lionstate.edu,h6czyxwt,Trudie Runte,18,F,EE,361 E. Sierra Street ,61570,0
lru4870@lionstate.edu,a62i6pl3,Lambert Russel,22,F,MATH,453 North Elm Dr. ,80433,0
xgr6403@lionstate.edu,sxbpeq1n,Xavier Greenfelder V,20,M,CHEM,6 Andover Dr. ,90240,0
mel4420@lionstate.edu,lscmydj9,Mr. Elta Hammes,18,F,IST,9498 Newport Ave. ,62571,0
lre4938@lionstate.edu,9itfmlss,Lucas Reinger,19,F,PHYS,251 West Sheffield Drive ,30728,0
she6009@lionstate.edu,468vx2eo,Shyanne Heller,22,F,CMPSC,91 S. Gartner Street ,50864,0
lan4217@lionstate.edu,pyu1l9vk,Lorena Anderson,21,M,PHYS,3 North Linden Ave. ,60423,0
msc4152@lionstate.edu,pw8rw005,Marlene Schulist,22,F,ECON,4 Old Academy Drive ,46590,0
tba6085@lionstate.edu,hluyeul5,Tobin Balistreri,22,F,STAT,3 North Linden Ave. ,33169,0
mmu4907@lionstate.edu,6be7cy6j,Maudie Murphy,18,F,ECON,7130 Longfellow Dr. ,62049,0
tha7400@lionstate.edu,vcqhvrf4,Toy Hayes,18,M,DS,9498 Newport Ave. ,46310,0
kko5971@lionstate.edu,pzivzcis,Khalil Kovacek,18,F,CHEM,7529 Old Sunset Road ,52208,0
ndo9422@lionstate.edu,x66pet3n,Noble Dooley,19,M,CSE,9659 Rosewood Drive ,94957,0
sbr4537@lionstate.edu,21appxs5,Sammy Braun,21,M,STAT,91 S. Gartner Street ,33136,0
rru5828@lionstate.edu,pg6loq0c,Rubie Runolfsson,20,M,MATH,8687 N. Sleepy Hollow Court ,30545,0
mma5417@lionstate.edu,ho1589h3,Mr. Mable Prosacco,18,M,DS,63 Lake Forest Road ,61242,0
mre1388@lionstate.edu,7wkpb4f4,Mrs. Reba Heller,18,F,PHYS,18 Lakeview Street ,81242,0
lgi1280@lionstate.edu,bnq1qmcv,Louisa Gislason,19,M,CHEM,7764 Union Avenue ,96761,0
jor1361@lionstate.edu,1ycbd4va,Jalen Orn,19,M,CSE,7313 Stillwater Lane ,95547,0
mar8229@lionstate.edu,fba3ls3l,Miss Ardith Jerde,19,F,CMPSC,708 York Dr. ,91343,0
mcu4958@lionstate.edu,65t6knui,Marianna Cummings,21,M,PHYS,120 Heritage Lane ,47983,0
rsc2927@lionstate.edu,fcksdooc,Ryan Schuster,18,M,CSE,8131 Elizabeth Ave. ,32024,0
myv4130@lionstate.edu,p5xjrgpy,Mr. Yvette Gislason,22,M,IST,8687 N. Sleepy Hollow Court ,72432,0
mvo3769@lionstate.edu,hxmroy2c,Mohammed Von,22,F,DS,3 North Linden Ave. ,30467,0
vwi2326@lionstate.edu,wi14inop,Vivien Will,21,F,CMPEN,780 East Redwood Drive ,62087,0
nre9702@lionstate.edu,o0u7wza2,Nadia Renner,19,F,ECON,6 Andover Dr. ,94512,0
mal1707@lionstate.edu,0we09v6f,Mrs. Albertha Kautzer,21,F,PHYS,780 East Redwood Drive ,81410,0
mco8919@lionstate.edu,1kwxyx73,Mossie Considine,20,F,IST,8985 Cambridge Ave. ,50238,0
lgo6567@lionstate.edu,28g2dueo,Lavina Goodwin,20,F,EE,232 W. Homewood Ave. ,33062,0
sha4650@lionstate.edu,5qe7bghc,Stefanie Haley,19,F,DS,120 Heritage Lane ,91915,0
mtu7648@lionstate.edu,s0t63ppx,Markus Turcotte DDS,18,M,CHEM,798 North Euclid Drive ,31771,0
lto6036@lionstate.edu,jajxpr7a,Loyce Torphy,21,M,IST,336 Myrtle Street ,93449,0
jwa5124@lionstate.edu,5x3nzy2o,Jeremie Watsica,22,M,IST,63 Lake Forest Road ,93240,0
kro8698@lionstate.edu,w8igr7b2,Kenyon Rohan,19,M,STAT,863 Stillwater Road ,30557,0
nfa5557@lionstate.edu,kh25zijo,Napoleon Fay,18,F,CSE,453 North Elm Dr. ,62666,0
md'3250@lionstate.edu,ryu3o2mq,Melvin D'Amore,22,M,DS,7195 North Canterbury Circle ,94070,0
mbr4721@lionstate.edu,n2dfub1z,Miss Brain Altenwerth,22,M,CSE,3 North Linden Ave. ,47340,0
mki9627@lionstate.edu,vdpmots3,Marcel Kihn,18,F,STAT,78 South Brewery Ave. ,6262,0
mka2323@lionstate.edu,fxkpjvr8,Ms. Katlynn Mills,22,M,CSE,259 Cleveland Road ,92887,0
oco4309@lionstate.edu,x4wzwl35,Olin Connelly,20,F,DS,863 Stillwater Road ,93631,0
kma2934@lionstate.edu,brhbtpp6,Kevin Mante,20,M,PHYS,336 Myrtle Street ,86433,0
jsc1133@lionstate.edu,c3ixaudm,Jerrold Schiller,18,M,IST,8378 West Pulaski Ave. ,93930,0
jwi1131@lionstate.edu,95kymlws,Juanita Wilderman,20,F,CHEM,9236 El Dorado St. ,50208,0
vla3135@lionstate.edu,jxdqxajo,Vernice Langworth,18,F,CSE,9659 Rosewood Drive ,47584,0
pha3837@lionstate.edu,704ilqhr,Pink Haag,19,M,STAT,358 Marvon Ave. ,81615,0
mda8856@lionstate.edu,mij0lo81,Miss Daren Kessler,19,M,CSE,8131 Elizabeth Ave. ,61740,0
jhe9677@lionstate.edu,2fi47lk3,Junior Heathcote,19,M,EE,285 Dogwood Drive ,72118,0
mwh8884@lionstate.edu,ylozvj4o,Mohammed White,19,F,EE,182 Spring Street ,72520,0
lda8145@lionstate.edu,fpqano7u,Lionel Daniel,20,F,DS,141 Gulf Rd. ,81623,0
mca2641@lionstate.edu,vvni2kh3,Mr. Catharine Johns,20,F,CMPEN,18 Lakeview Street ,96113,0
lgi8755@lionstate.edu,bc4le940,Lucile Gislason,20,M,STAT,182 Spring Street ,85085,0
mma7996@lionstate.edu,13kvwsjo,Ms. Malinda Greenfelder,19,F,ECON,232 W. Homewood Ave. ,6384,0
rco1350@lionstate.edu,gbqtku3c,Reyes Cormier,21,M,IST,7 Arch Court ,50153,0
mze1101@lionstate.edu,ro0wghzu,Miss Zechariah Kulas,20,F,PHYS,6 Andover Dr. ,32925,0
mle8029@lionstate.edu,c03gkbjx,Mrs. Leonard Bosco,22,F,EE,55 Hall St. ,6370,0
nhi9400@lionstate.edu,lo21i5t7,Nina Hilll,21,M,CHEM,8687 N. Sleepy Hollow Court ,92624,0
msc7404@lionstate.edu,fjh8si60,Maritza Schaefer,21,M,ECON,119 Harvey Street ,92024,0
mpf1895@lionstate.edu,93lugexr,Marlin Pfannerstill,19,M,EE,78 South Brewery Ave. ,31007,0
lja7548@lionstate.edu,f0kf14lp,Lulu Jakubowski,19,M,CMPSC,9498 Newport Ave. ,94965,0
sro1687@lionstate.edu,kb3tlio2,Skye Robel Jr.,20,F,CHEM,18 Lakeview Street ,80005,0
mti1005@lionstate.edu,pqq8z7sr,Mr. Tiana Glover,19,M,CSE,88 Harrison Street ,34470,0
lda3697@lionstate.edu,n7qps904,Leonor Davis,21,F,EE,639 Princeton Rd. ,62610,0
svo1567@lionstate.edu,72khyt24,Sterling Volkman Sr.,20,F,PHYS,655 East Branch Dr. ,50420,0
kfa7315@lionstate.edu,5wy4bon0,Kylie Fay,19,M,CMPSC,285 Dogwood Drive ,94547,0
rhe3959@lionstate.edu,meon7rzi,Robb Hegmann,18,F,PHYS,608 North Addison St. ,46181,0
vto8500@lionstate.edu,sls2audw,Victoria Toy II,18,M,STAT,860 Wakehurst Dr. ,6026,0
lul2667@lionstate.edu,ptc0b1y3,Lysanne Ullrich,19,M,EE,358 Marvon Ave. ,90017,0
lbe3298@lionstate.edu,95zc0rwz,Loma Becker PhD,22,M,STAT,285 Dogwood Drive ,62530,0
kba3267@lionstate.edu,zuqm5kpu,Karson Bashirian MD,22,M,CSE,7529 Old Sunset Road ,60043,0
rve7599@lionstate.edu,xwdu18y9,Rose Veum,19,M,CSE,308 Mammoth Dr. ,30215,0
mlo5294@lionstate.edu,oamszhnw,Miss Lora Will,22,F,CMPSC,185 E. Trenton Street ,33936,0
mjo3251@lionstate.edu,5ocovp3j,Mrs. Joanny Legros,22,M,CMPSC,26 Johnson St. ,52216,0
jfr4395@lionstate.edu,f9se8wwm,Josefina Frami,19,F,EE,8985 Cambridge Ave. ,72176,0
ltu9306@lionstate.edu,fws0qxaz,Luisa Turcotte,19,F,STAT,7450 West Manchester Street ,83815,0
jsw5249@lionstate.edu,kyknbv85,Jace Swift,19,M,MATH,285 Dogwood Drive ,47959,0
rfe9835@lionstate.edu,1dig79sf,Rae Feil,22,M,IST,285 Dogwood Drive ,60474,0
jst9690@lionstate.edu,nq4112q9,Joanny Stracke,20,F,EE,608 North Addison St. ,30701,0
kka3493@lionstate.edu,sgdlqet1,Kailyn Kassulke V,20,M,CMPSC,9498 Newport Ave. ,50634,0
mra5395@lionstate.edu,k6uyidbm,Ms. Raoul Lang,22,F,CMPSC,88 Harrison Street ,80631,0
ver7410@lionstate.edu,mk737jwg,Vella Ernser,19,F,CMPEN,798 North Euclid Drive ,6785,0
mlo6590@lionstate.edu,u9x7dz70,Ms. Lori Luettgen,22,F,CMPEN,91 S. Gartner Street ,47940,0
ldi8835@lionstate.edu,609akvrd,Lucienne Dicki MD,21,F,ECON,963 Court Road ,72513,0
jku5047@lionstate.edu,94qak42y,Jared Kunde,18,M,STAT,88 Harrison Street ,46760,0
ina3083@lionstate.edu,41gfy1ej,Isabel Nader,21,M,IST,6 Andover Dr. ,52341,0
pbe5438@lionstate.edu,skf5ui3q,Patsy Beer,20,M,PHYS,266 Second Street ,31623,0
rfr7251@lionstate.edu,dok8nl9x,Rosendo Friesen,20,F,CSE,9236 El Dorado St. ,32024,0
mni1754@lionstate.edu,1vfo45w7,Miss Nikki Kassulke,22,M,PHYS,8131 Elizabeth Ave. ,30275,0
sma6410@lionstate.edu,49xkwq6n,Savannah Maggio,20,M,CMPEN,120 Heritage Lane ,34491,0
lja5065@lionstate.edu,f2hkrocp,Lucinda Jakubowski,21,M,EE,185 E. Trenton Street ,33763,0
wru6659@lionstate.edu,f2ey91az,Wilfred Runolfsson,20,F,EE,639 Princeton Rd. ,60653,0
wle7976@lionstate.edu,ij8sdkw9,Wilma Legros,20,F,CSE,63 Lake Forest Road ,61377,0
jri3730@lionstate.edu,xmiiavzz,Julie Rice,19,M,CMPEN,336 Myrtle Street ,94041,0
nsc1496@lionstate.edu,4wks1yn1,Nettie Schowalter,21,M,ECON,182 Spring Street ,30034,0
msh8653@lionstate.edu,66krk2ow,Mr. Shanny Haag,18,M,ECON,9420 Tallwood Street ,31630,0
nan2109@lionstate.edu,8tayuxnr,Newton Ankunding,18,F,DS,495 Jockey Hollow Ave. ,72126,0
lsc8583@lionstate.edu,hrj3gm5t,Loyal Schamberger,21,F,EE,63 Lake Forest Road ,46148,0
sma9638@lionstate.edu,06f3jir4,Simone Mayert,18,M,STAT,8687 N. Sleepy Hollow Court ,95709,0
rro3378@lionstate.edu,euho4xy8,Roger Roob,18,F,PHYS,798 North Euclid Drive ,19936,0
lwo9519@lionstate.edu,l2c6cn16,Logan Wolf,20,M,IST,798 North Euclid Drive ,81024,0
ila1616@lionstate.edu,01idi3cu,Isaiah Lakin,19,F,EE,120 Heritage Lane ,52254,0
mgi5972@lionstate.edu,kz3zir6z,Miss Giovani Fisher,21,M,CMPSC,259 Cleveland Road ,66058,0
mor3944@lionstate.edu,ginqor0y,Muriel Orn Jr.,19,F,MATH,91 S. Gartner Street ,33001,0
pwi6256@lionstate.edu,to134xcj,Pinkie Wilkinson,21,F,STAT,119 Harvey Street ,32708,0
lma5523@lionstate.edu,lmddz47s,Lenny Mante,22,F,ECON,7 Arch Court ,6883,0
mja9477@lionstate.edu,zlergoka,Mr. Jaylin Kautzer,21,M,IST,91 S. Gartner Street ,30104,0
pco3542@lionstate.edu,g6gquwns,Pearlie Connelly,22,M,PHYS,358 Marvon Ave. ,61919,0
mfr1531@lionstate.edu,byrmhkrc,Michaela Frami,18,F,IST,8687 N. Sleepy Hollow Court ,83283,0
jbr5742@lionstate.edu,79r2lk38,Johnny Breitenberg I,18,F,CMPSC,88 Harrison Street ,47841,0
mad6762@lionstate.edu,v8a0upa6,Ms. Adah Bode,18,M,CSE,7313 Stillwater Lane ,83622,0
lfr5699@lionstate.edu,r5ewbudh,Lysanne Frami,19,M,PHYS,798 North Euclid Drive ,31567,0
jhu6059@lionstate.edu,8d3tdd6n,Jonathon Huel,22,M,EE,9659 Rosewood Drive ,30720,0
rba4716@lionstate.edu,6j8qtf9g,Reva Bayer,18,F,CSE,655 East Branch Dr. ,80453,0
mra1173@lionstate.edu,9tc1sf4b,Ms. Raina Schmidt,22,F,CSE,655 East Branch Dr. ,93455,0
mla7040@lionstate.edu,kv6p91kt,Marco Larson,20,M,PHYS,608 North Addison St. ,93207,0
mke5035@lionstate.edu,bisj7cvm,Mr. Kelton Kertzmann,21,F,PHYS,9659 Rosewood Drive ,62035,0
ncu7389@lionstate.edu,b09izvbz,Nicolas Cummerata,19,F,STAT,6 Andover Dr. ,80457,0
mjo9620@lionstate.edu,n4v8hqyq,Mrs. Joannie Dibbert,21,F,IST,7450 West Manchester Street ,60503,0
mei1629@lionstate.edu,qmpyhkgz,Mallie Eichmann,20,M,STAT,4 Old Academy Drive ,81248,0
mke4315@lionstate.edu,4zfuvuep,Mr. Keyshawn Cassin,18,M,PHYS,141 Gulf Rd. ,80720,0
myo1601@lionstate.edu,ixfwzeh2,Miss Yolanda Pfannerstill,22,M,CMPEN,182 Spring Street ,52588,0
jmc9625@lionstate.edu,fhsc0rqw,Jensen McDermott,18,M,EE,7195 North Canterbury Circle ,61323,0
ufa3951@lionstate.edu,yohr8drf,Ursula Fadel,22,F,MATH,185 E. Trenton Street ,83316,0
mre4255@lionstate.edu,dud61mbj,Madeline Renner,20,M,DS,860 Wakehurst Dr. ,62065,0
mba6793@lionstate.edu,yqz5bgrm,Mac Bailey,18,F,CHEM,232 W. Homewood Ave. ,80721,0
jku3642@lionstate.edu,dngxq5hi,Jakob Kuvalis,18,F,IST,266 Second Street ,62053,0
ysc5785@lionstate.edu,n5bplqw8,Yadira Schinner,18,M,CSE,88 Harrison Street ,52052,0
rfr5648@lionstate.edu,3phvh9ch,Roxanne Fritsch,22,M,CMPSC,18 Lakeview Street ,95699,0
no'3158@lionstate.edu,yko7qfpk,Nicolas O'Reilly,19,M,CSE,7529 Old Sunset Road ,95682,0
lco5380@lionstate.edu,zl5y07yb,Lisette Connelly,19,F,IST,63 Lake Forest Road ,80836,0
ohe2838@lionstate.edu,xa4qupgs,Orrin Herman IV,22,M,ECON,9420 Tallwood Street ,32509,0
jco2499@lionstate.edu,smelkveu,Jewel Cole,22,F,IST,7195 North Canterbury Circle ,50857,0
mmi5755@lionstate.edu,qfnrr7q6,Mariam Mills,19,F,CMPEN,461 Heather Street ,81067,0
jha5858@lionstate.edu,e44gixtz,Jasen Hand,19,M,DS,963 Court Road ,96818,0
ikr7411@lionstate.edu,wd6c5b8t,Irwin Kreiger,20,M,DS,7297 Applegate St. ,91950,0
tke8544@lionstate.edu,lcxh50pn,Thurman Kessler,21,F,DS,963 Court Road ,60515,0
tsc4447@lionstate.edu,ilnv4fc7,Tobin Schinner PhD,21,M,EE,7764 Union Avenue ,94305,0
kri1586@lionstate.edu,nejwj0g9,Karen Ritchie,20,M,DS,78 South Brewery Ave. ,85615,0
rkr9745@lionstate.edu,fbcoyeuk,Robert Krajcik,19,F,PHYS,708 York Dr. ,47558,0
sgr1392@lionstate.edu,jau0vvp1,Sophia Graham,21,M,CMPEN,232 W. Homewood Ave. ,62841,0
jlu8446@lionstate.edu,ekgc03iz,Judson Lubowitz,21,F,DS,461 Heather Street ,6762,0
kha2564@lionstate.edu,r6lql7ka,Kelly Harber,19,F,IST,78 South Brewery Ave. ,50560,0
mel9711@lionstate.edu,du07mr15,Mr. Elliott Gibson,18,F,DS,8687 N. Sleepy Hollow Court ,94933,0
jli1535@lionstate.edu,avrak6tf,Johnnie Little,19,M,IST,358 Marvon Ave. ,47385,0
swe4161@lionstate.edu,genhnfwu,Stephany Weissnat,18,F,PHYS,7130 Longfellow Dr. ,51007,0
kho2978@lionstate.edu,297q8crc,Kiley Howe,20,M,CMPSC,963 Court Road ,50120,0
mni8737@lionstate.edu,mvoktbee,Mariana Nicolas Jr.,19,F,CHEM,78 South Brewery Ave. ,32951,0
mth7915@lionstate.edu,u61545ij,Mr. Therese Sauer,18,M,STAT,780 East Redwood Drive ,30206,0
pfa7621@lionstate.edu,voqefyok,Pedro Fadel,20,F,CMPEN,8687 N. Sleepy Hollow Court ,93925,0
mcr6774@lionstate.edu,e59cih6r,Mafalda Cremin,19,M,EE,639 Princeton Rd. ,83627,0
mve7191@lionstate.edu,fw1vmu6d,Mrs. Vesta Aufderhar,21,F,CHEM,8401 Green Rd. ,50027,0
kku3945@lionstate.edu,59hg8iiw,Kari Kunze,22,M,CMPSC,63 Lake Forest Road ,52550,0
oki8339@lionstate.edu,sv6m90rj,Otis Kirlin,20,M,ECON,608 North Addison St. ,86545,0
mti9840@lionstate.edu,nruazyy2,Miss Tianna Beatty,21,F,DS,285 Dogwood Drive ,52751,0
lbo3169@lionstate.edu,0384qogi,Laurel Bogan,21,F,CHEM,9408 Anderson Court ,94938,0
lhi8879@lionstate.edu,9wsxm9n2,Lane Hilpert,20,M,STAT,6 Andover Dr. ,93553,0
mni9530@lionstate.edu,2s38fy1y,Mertie Nicolas,22,F,CHEM,655 East Branch Dr. ,32656,0
kab2618@lionstate.edu,2vicyb49,Karley Abbott Sr.,20,F,ECON,232 W. Homewood Ave. ,31016,0
ttu9759@lionstate.edu,v08qy7ak,Tremaine Turcotte III,21,M,CMPSC,7450 West Manchester Street ,72103,0
mru8732@lionstate.edu,atpig6cx,Maci Runolfsson,21,F,IST,461 Heather Street ,81501,0
mau5121@lionstate.edu,ohnzfbua,Miss Aurore Jacobi,18,M,IST,461 Heather Street ,93242,0
mre1486@lionstate.edu,0ofwccee,Ms. Reuben Donnelly,19,M,CHEM,361 E. Sierra Street ,46118,0
osi6913@lionstate.edu,rbm7nj0l,Oren Simonis MD,19,F,CSE,18 Lakeview Street ,80924,0
mis3774@lionstate.edu,l6qnsfh8,Miss Isabell Corwin,18,F,MATH,780 East Redwood Drive ,32204,0
mje1517@lionstate.edu,kl1qwhlb,Misty Jenkins,22,F,CMPEN,185 E. Trenton Street ,85201,0
pwh2002@lionstate.edu,yxkcwdgq,Priscilla White,20,M,CSE,18 Lakeview Street ,52747,0
job4068@lionstate.edu,e83hpu1t,Jules Oberbrunner,21,F,IST,708 York Dr. ,52728,0
kle7587@lionstate.edu,8wb1rxkk,King Lebsack,18,F,STAT,251 West Sheffield Drive ,31906,0
nsp6459@lionstate.edu,vhqlpsxm,Naomie Sporer,21,F,EE,461 Heather Street ,50116,0
vre1108@lionstate.edu,x1pcj1lj,Vladimir Reichert,19,M,MATH,7529 Old Sunset Road ,32359,0
mko8498@lionstate.edu,0mw55wlu,Milford Koepp,20,M,STAT,9659 Rosewood Drive ,93260,0
tsc3180@lionstate.edu,nu5j89vv,Trent Schamberger,22,M,IST,8687 N. Sleepy Hollow Court ,96038,0
mje1294@lionstate.edu,b7vlqf67,Meredith Jenkins,20,F,MATH,119 Harvey Street ,51555,0
kpa6358@lionstate.edu,7ju36d6x,Kaci Parker,20,F,MATH,608 North Addison St. ,85706,0
mem5259@lionstate.edu,3bo30fmd,Macey Emmerich,20,F,PHYS,9408 Anderson Court ,32626,0
lhe3177@lionstate.edu,7w0nvvdk,Lambert Hermiston,20,F,DS,63 Lake Forest Road ,52335,0
kan9497@lionstate.edu,zueofsd7,Kale Ankunding,19,M,CMPEN,963 Court Road ,50254,0
wan2968@lionstate.edu,w243ok57,Wiley Anderson,18,F,DS,9236 El Dorado St. ,33924,0
lad3683@lionstate.edu,vbh4oyvh,Liam Adams,20,M,CHEM,185 E. Trenton Street ,32968,0
kly7755@lionstate.edu,cv1y6th1,Kaci Lynch,19,F,IST,141 Gulf Rd. ,32607,0
jha3938@lionstate.edu,s3hc5no3,Jett Hamill,21,F,CHEM,8378 West Pulaski Ave. ,31823,0
sbr1332@lionstate.edu,j7r0a57m,Simone Brekke,19,M,CHEM,308 Mammoth Dr. ,39845,0
kba3474@lionstate.edu,rra42qn8,Keshaun Bailey DDS,18,F,DS,608 North Addison St. ,85381,0
lvo2571@lionstate.edu,v7zygrtm,Lavon VonRueden,22,F,CHEM,8378 West Pulaski Ave. ,81023,0
mtr1113@lionstate.edu,wsm19ofu,Max Trantow,21,M,CMPEN,7764 Union Avenue ,83254,0
zpr3563@lionstate.edu,d3dgrdyb,Zetta Predovic,20,F,CSE,8401 Green Rd. ,67801,0
mru2747@lionstate.edu,7parpwv4,Meredith Runolfsdottir,21,F,IST,119 Harvey Street ,91763,0
wsm1648@lionstate.edu,teicrr0i,Westley Smith,21,F,ECON,120 Heritage Lane ,32162,0
lwi5095@lionstate.edu,4zg52bmc,Laura Windler,22,F,DS,7450 West Manchester Street ,47868,0
msh2018@lionstate.edu,r5rdlt3p,Mrs. Shaylee Grady,22,F,MATH,232 W. Homewood Ave. ,51026,0
mja9753@lionstate.edu,hqz70t65,Modesto Jast,22,M,CMPSC,232 W. Homewood Ave. ,80442,0
jco7511@lionstate.edu,eo12cwf1,Jayson Conroy,20,M,CHEM,91 S. Gartner Street ,93722,0
mja4678@lionstate.edu,1ugb9cmy,Maia Jaskolski,20,F,CMPSC,63 Lake Forest Road ,52228,0
jzi6855@lionstate.edu,k5yvaa0l,Jeramie Zieme,18,F,PHYS,182 Spring Street ,33521,0
vol8061@lionstate.edu,2bydpo29,Vergie Olson I,19,F,CMPEN,655 East Branch Dr. ,66748,0
kst3418@lionstate.edu,rhxt4g5n,Katarina Stroman,20,F,STAT,8401 Green Rd. ,50167,0
mty4698@lionstate.edu,exvtqnja,Mr. Tyra Kertzmann,18,F,CSE,8378 West Pulaski Ave. ,46704,0
wsc7930@lionstate.edu,zypbenkp,Wilhelm Schroeder,20,M,CMPSC,141 Gulf Rd. ,62907,0
mda7609@lionstate.edu,uv6lyhx1,Mrs. Darren Stokes,20,F,CMPEN,141 Gulf Rd. ,72828,0
thi1019@lionstate.edu,h9on7qnt,Tiffany Hintz,18,M,ECON,798 North Euclid Drive ,30004,0
mhe4861@lionstate.edu,62pu6wfu,Meggie Heaney,18,M,STAT,6 Andover Dr. ,33744,0
vko8312@lionstate.edu,651y3i92,Valentin Koch,21,M,ECON,6 Andover Dr. ,71865,0
mha1378@lionstate.edu,un370oka,Magnolia Hauck,21,M,ECON,251 West Sheffield Drive ,20037,0
wwi6147@lionstate.edu,kj60tdn2,Willy Witting,21,F,MATH,453 North Elm Dr. ,67625,0
mke9858@lionstate.edu,85455s3q,Mertie Kessler,18,M,MATH,7529 Old Sunset Road ,85029,0
ubr7160@lionstate.edu,x506uggh,Ubaldo Brakus,19,F,IST,26 Johnson St. ,80914,0
lhe8423@lionstate.edu,v3gdwdc5,Lorenza Herzog,19,M,CSE,4 Old Academy Drive ,61320,0
kfe1479@lionstate.edu,kugxq36s,Kassandra Feeney,18,M,IST,639 Princeton Rd. ,52041,0
sbr8378@lionstate.edu,wxsmyx7m,Sarina Brakus,21,M,IST,358 Marvon Ave. ,95350,0
mno6831@lionstate.edu,jp6g9t7o,Ms. Novella Leannon,19,M,MATH,26 Johnson St. ,85924,0
ugr7753@lionstate.edu,dxkepcty,Ulices Greenholt,22,F,CMPSC,863 Stillwater Road ,93226,0
tku9442@lionstate.edu,qecf5aq9,Trisha Kutch,20,M,IST,708 York Dr. ,62294,0
ibe6293@lionstate.edu,uua3sa2w,Isadore Bednar,19,M,CMPEN,9408 Anderson Court ,6114,0
osa9043@lionstate.edu,mjn5h1ar,Oda Satterfield III,18,M,CMPSC,55 Hall St. ,32065,0
nef4231@lionstate.edu,zyidgkic,Niko Effertz,19,M,IST,26 Johnson St. ,61605,0
vgr9708@lionstate.edu,mngwzy70,Vivian Grady,20,M,ECON,608 North Addison St. ,52336,0
mra2135@lionstate.edu,64l3koc2,Mr. Rashad Haley,18,M,CMPEN,63 Lake Forest Road ,95841,0
kma6272@lionstate.edu,ogioyglf,Kyler Marvin,22,F,EE,336 Myrtle Street ,30734,0
sja8550@lionstate.edu,s90gbel7,Sarai Jakubowski,22,M,PHYS,9420 Tallwood Street ,52202,0
wra7675@lionstate.edu,aqiwjran,Wilfrid Rath,21,M,CMPSC,9420 Tallwood Street ,83354,0
mro4234@lionstate.edu,wdej56s0,Mr. Rosario Breitenberg,21,F,CHEM,7 Arch Court ,67144,0
mal5609@lionstate.edu,a771edmk,Miss Alayna Simonis,18,M,ECON,7764 Union Avenue ,51631,0
mgr9180@lionstate.edu,0chfsvgv,Melissa Green,22,F,CHEM,9236 El Dorado St. ,72959,0
lha7423@lionstate.edu,yc5lx7ko,Lauryn Hayes,19,F,PHYS,78 South Brewery Ave. ,92595,0
zri4748@lionstate.edu,ox4oj6bk,Zachariah Ritchie,19,M,PHYS,7764 Union Avenue ,32835,0
jgu4126@lionstate.edu,ur67r649,Jayde Gutkowski,21,F,PHYS,863 Stillwater Road ,33165,0
oko6508@lionstate.edu,w4lw74bb,Oral Kozey,21,M,PHYS,78 South Brewery Ave. ,93013,0
mwe9386@lionstate.edu,gw0fvr67,Michael Weber,20,F,CHEM,285 Dogwood Drive ,95606,0
sma8371@lionstate.edu,vxoiplyk,Skyla Maggio,22,M,CSE,780 East Redwood Drive ,62049,0
mni4053@lionstate.edu,v0ao01h6,Ms. Nickolas Stoltenberg,22,M,CMPSC,8401 Green Rd. ,60410,0
rma4418@lionstate.edu,hvp8c1pa,Rosanna Mayer,19,F,ECON,8131 Elizabeth Ave. ,6070,0
jli6782@lionstate.edu,0plitcjo,Jaiden Little,19,M,CSE,185 E. Trenton Street ,72856,0
mli4220@lionstate.edu,y5vg4l0f,Ms. Lindsay Trantow,18,F,DS,9659 Rosewood Drive ,80612,0
phe8657@lionstate.edu,ri2ema2v,Pierce Hettinger,21,F,CSE,798 North Euclid Drive ,72434,0
mal7301@lionstate.edu,c4mxuuqi,Mr. Alexandria Graham,18,M,CHEM,55 Hall St. ,46771,0
ppu8310@lionstate.edu,o1fefu43,Pearlie Purdy,19,F,ECON,639 Princeton Rd. ,96120,0
vke5227@lionstate.edu,ids1tqkg,Vada Kerluke,20,M,STAT,780 East Redwood Drive ,51572,0
rob6329@lionstate.edu,ekfvrwnv,Raymond Oberbrunner Sr.,20,M,EE,308 Mammoth Dr. ,80477,0
tfa8623@lionstate.edu,bbub3bn6,Tess Farrell,18,M,STAT,495 Jockey Hollow Ave. ,6078,0
pmi9309@lionstate.edu,5jaf22em,Providenci Mitchell,21,M,PHYS,9236 El Dorado St. ,72206,0
kru3278@lionstate.edu,4l677h7b,Kaci Runolfsdottir,21,F,STAT,7 Arch Court ,86033,0
mty9244@lionstate.edu,lugv35xs,Mr. Tyshawn Rice,18,F,CHEM,63 Lake Forest Road ,94102,0
twi9118@lionstate.edu,v8vwyn9u,Tremaine Williamson DDS,20,F,ECON,259 Cleveland Road ,72553,0
ole5149@lionstate.edu,sjh2j7al,Ova Legros,19,F,ECON,120 Heritage Lane ,50430,0
jwa8464@lionstate.edu,7b5mmk0k,Jasen Walker IV,22,F,CMPSC,87 Vermont St. ,72553,0
oku5496@lionstate.edu,0mtlfueb,Orie Kunde,21,F,EE,88 Harrison Street ,81650,0
psh1860@lionstate.edu,0btsy90l,Pablo Shields,18,M,MATH,251 West Sheffield Drive ,33455,0
mpa1813@lionstate.edu,yvw13vva,Mrs. Paolo Runolfsdottir,20,F,MATH,259 Cleveland Road ,81624,0
smu1729@lionstate.edu,4ubv2rui,Stuart Murray,21,M,IST,7450 West Manchester Street ,91948,0
tdi3644@lionstate.edu,jqnrvtrh,Timothy Dibbert V,20,M,MATH,7297 Applegate St. ,80863,0
sma4679@lionstate.edu,evr5of46,Shania Mayer II,18,M,PHYS,8985 Cambridge Ave. ,80498,0
jpa9861@lionstate.edu,glomie2r,Jolie Pagac,20,M,ECON,461 Heather Street ,50212,0
mga8559@lionstate.edu,97wpdce3,Miss Garfield Considine,18,M,CMPSC,361 E. Sierra Street ,90210,0
sgu3389@lionstate.edu,l1gmkdot,Stephania Gusikowski,19,M,PHYS,358 Marvon Ave. ,46048,0
lor8820@lionstate.edu,2egyxxlf,Lauretta Ortiz,19,M,PHYS,780 East Redwood Drive ,33158,0
mlu8397@lionstate.edu,njqkhbk1,Ms. Luisa Hackett,21,F,CMPEN,182 Spring Street ,96863,0
jst3903@lionstate.edu,9omxaej6,Jarrett Strosin,19,M,CMPSC,358 Marvon Ave. ,51006,0
mer6665@lionstate.edu,wlbwyq0u,Miss Erika Champlin,21,M,EE,55 Hall St. ,46992,0
mbr3753@lionstate.edu,x55rpyay,Ms. Broderick Rosenbaum,20,F,STAT,8687 N. Sleepy Hollow Court ,96073,0
sgo5481@lionstate.edu,uspynxlx,Sage Gottlieb,22,F,STAT,91 S. Gartner Street ,46740,0
lto2510@lionstate.edu,du9dnihl,Laverne Toy,21,M,IST,26 Johnson St. ,61333,0
ptu5897@lionstate.edu,lygiglih,Piper Turner,18,M,ECON,3 North Linden Ave. ,6804,0
wcr6243@lionstate.edu,7pvgb1zz,Wilhelm Cremin DDS,19,F,CMPEN,963 Court Road ,83706,0
mma8740@lionstate.edu,v4zb3jgz,Miss Marcella Corkery,19,M,ECON,9599 La Sierra St. ,72908,0
mam7283@lionstate.edu,jvu0nzlk,Mr. Amely Brown,20,M,PHYS,7764 Union Avenue ,83839,0
jni8513@lionstate.edu,qb44g4dk,Jensen Nitzsche,22,F,ECON,266 Second Street ,83254,0
mha9412@lionstate.edu,2n5005op,Miss Harmony Smitham,22,F,CMPSC,285 Dogwood Drive ,33157,0
jhi5936@lionstate.edu,t4lokykc,Jordan Hilpert,19,M,ECON,9599 La Sierra St. ,71933,0
spa3052@lionstate.edu,fsrrus7y,Shea Pacocha,21,M,EE,9599 La Sierra St. ,60619,0
vno9310@lionstate.edu,vv66g921,Vivienne Nolan,18,M,ECON,259 Cleveland Road ,93669,0
mja6189@lionstate.edu,ucjic0w9,Mr. Jamie Rolfson,19,M,CMPEN,308 Mammoth Dr. ,62671,0
mhe4177@lionstate.edu,k6oyux03,Mollie Hegmann,20,M,CMPEN,3 North Linden Ave. ,30683,0
mpr9723@lionstate.edu,michr3i2,Mariano Price,19,F,DS,863 Stillwater Road ,61256,0
mja3480@lionstate.edu,5n7v2kpx,Mrs. Jamarcus Hintz,22,F,IST,78 South Brewery Ave. ,34683,0
mpe6095@lionstate.edu,b0ik492k,Mrs. Pedro Hyatt,18,M,CMPSC,87 Vermont St. ,95922,0
mre4504@lionstate.edu,k0nmx856,Mr. Rebeca Zieme,20,F,STAT,8687 N. Sleepy Hollow Court ,91361,0
kke9934@lionstate.edu,erpw7yc1,Kamren Keebler,21,M,CMPEN,863 Stillwater Road ,47863,0
jma6502@lionstate.edu,t3cc9z99,Jaden Mayer,22,F,DS,185 E. Trenton Street ,72082,0
mmu3939@lionstate.edu,zhficzyu,Mrs. Murphy Torp,18,M,CMPEN,141 Gulf Rd. ,61863,0
jre6232@lionstate.edu,kbpsbr3f,Jamie Reilly,20,F,EE,7130 Longfellow Dr. ,72438,0
rqu7150@lionstate.edu,18039p3n,Russell Quitzon,18,M,MATH,963 Court Road ,93452,0
tfa8479@lionstate.edu,5pvjbo7e,Tyrell Fay,21,F,EE,285 Dogwood Drive ,33407,0
obo2257@lionstate.edu,ktfuzxp9,Osvaldo Bogan,21,M,CMPEN,7130 Longfellow Dr. ,52305,0
jdi5599@lionstate.edu,9q2thys7,Jerrold Dicki,20,M,ECON,83 Corona Street ,61041,0
nbo5422@lionstate.edu,0nzzhtfv,Napoleon Boyer,21,M,CMPSC,7 Arch Court ,62207,0
jsm3398@lionstate.edu,j3od3n4p,Jolie Smitham,22,F,CMPEN,453 North Elm Dr. ,34237,0
mtr9030@lionstate.edu,hol7b2mw,Mrs. Trevor Brown,18,M,PHYS,7130 Longfellow Dr. ,31058,0
tbe7837@lionstate.edu,f27vzunk,Tara Berge IV,19,M,CHEM,182 Spring Street ,62526,0
jfe5900@lionstate.edu,s0ar4vzh,Jaylen Feil,18,F,PHYS,8401 Green Rd. ,96109,0
mja9711@lionstate.edu,xoiyx6kc,Mrs. Jaleel Runolfsson,20,F,DS,8131 Elizabeth Ave. ,51346,0
sle7671@lionstate.edu,yf61naw6,Stefanie Legros,18,F,ECON,63 Lake Forest Road ,72522,0
wgu6997@lionstate.edu,wbaj93jd,Will Gusikowski,18,F,CHEM,860 Wakehurst Dr. ,31314,0
lba8615@lionstate.edu,dot0tf8n,Lauren Bahringer PhD,18,F,DS,78 South Brewery Ave. ,31560,0
kwe2447@lionstate.edu,gyuo6s68,Kari Weber,21,F,STAT,963 Court Road ,47581,0
ldu5279@lionstate.edu,fsj3c1kx,Leola DuBuque Sr.,21,F,CMPEN,495 Jockey Hollow Ave. ,92883,0
nbe7364@lionstate.edu,t3tb56et,Neva Berge,22,M,MATH,8131 Elizabeth Ave. ,51571,0
rke3219@lionstate.edu,nqr175z6,Rupert Kemmer,21,M,CHEM,9408 Anderson Court ,71859,0
vpr8721@lionstate.edu,1ud2uqwt,Vicenta Prosacco,22,F,CMPEN,655 East Branch Dr. ,95527,0
mbr8262@lionstate.edu,vf1lz76e,Mr. Braulio Schultz,18,F,MATH,63 Lake Forest Road ,19941,0
rha9484@lionstate.edu,l4kd44ir,Rubie Harvey,19,M,STAT,9236 El Dorado St. ,61871,0
lwi3851@lionstate.edu,7m8mr0xn,Levi Willms,18,M,MATH,7764 Union Avenue ,92321,0
mei3995@lionstate.edu,ffb2ht7r,Mckayla Eichmann,22,F,MATH,120 Heritage Lane ,51350,0
mpf9660@lionstate.edu,o3dr5v73,Marjory Pfeffer,20,M,PHYS,9236 El Dorado St. ,52728,0
ust9264@lionstate.edu,l35tyonq,Una Stark PhD,21,M,STAT,358 Marvon Ave. ,30082,0
mad9712@lionstate.edu,yd06ojzw,Miss Adolfo Lesch,21,F,CSE,358 Marvon Ave. ,33442,0
mko2134@lionstate.edu,324dzpe5,Marisol Konopelski,22,M,MATH,7529 Old Sunset Road ,60408,0
mad4966@lionstate.edu,puhwjytc,Ms. Adrianna Hahn,18,M,STAT,639 Princeton Rd. ,51010,0
vyu4473@lionstate.edu,4dd4cw3t,Verner Yundt,22,F,EE,141 Gulf Rd. ,60475,0
lwe4861@lionstate.edu,psuozril,Lionel West,19,M,IST,26 Johnson St. ,93531,0
nmo8196@lionstate.edu,iy1zte43,Noah Moore,20,F,PHYS,8985 Cambridge Ave. ,71730,0
nba2747@lionstate.edu,t317pzht,Nestor Baumbach PhD,22,F,CHEM,87 Vermont St. ,60503,0
msc4941@lionstate.edu,ap6zwdg6,Marisa Schaden,19,F,PHYS,7130 Longfellow Dr. ,47453,0
mke8007@lionstate.edu,m7rl0est,Miracle Kerluke,18,F,ECON,7297 Applegate St. ,62002,0
rwa1680@lionstate.edu,wzrfyu4b,Roxane Watsica,19,M,MATH,3 North Linden Ave. ,71913,0
mru5673@lionstate.edu,boobfpsc,Marianna Runolfsdottir,18,F,STAT,141 Gulf Rd. ,93950,0
kzi2319@lionstate.edu,93fazlav,Kaylah Zieme,20,F,CMPEN,639 Princeton Rd. ,6016,0
mla8288@lionstate.edu,8u9m3vy0,Marques Langworth,21,F,ECON,120 Heritage Lane ,95237,0
jdo5653@lionstate.edu,hm6f5dki,Jayson Doyle,19,F,CSE,655 East Branch Dr. ,34442,0
lku1009@lionstate.edu,i86a0wes,Lexie Kuphal,21,M,CMPEN,9236 El Dorado St. ,92672,0
jko6802@lionstate.edu,9xsuk73g,Jedediah Koch,20,M,DS,7297 Applegate St. ,95492,0
jwe6460@lionstate.edu,vzbjdv3k,Josue Weber,20,M,MATH,4 Old Academy Drive ,72201,0
zwu7682@lionstate.edu,azwrgwfc,Zane Wunsch III,19,F,ECON,8131 Elizabeth Ave. ,72031,0
jkr6557@lionstate.edu,mok0ne4f,Juana Kris MD,21,M,CMPEN,18 Lakeview Street ,60448,0
mni2107@lionstate.edu,9w0dzvox,Mr. Nicole Raynor,22,F,PHYS,3 North Linden Ave. ,81430,0
pha6738@lionstate.edu,vi91ma60,Patience Hackett,22,M,IST,9420 Tallwood Street ,95816,0
jle1023@lionstate.edu,cort4ur0,Jessy Leannon,19,F,PHYS,7 Arch Court ,93664,0
mje1028@lionstate.edu,n1dy26kb,Mattie Jerde,21,F,PHYS,7195 North Canterbury Circle ,80122,0
nsi9812@lionstate.edu,dolqvilg,Nils Simonis,19,M,EE,8401 Green Rd. ,90241,0
lra3866@lionstate.edu,u6hzmqce,Lola Rau,19,F,CHEM,453 North Elm Dr. ,96034,0
mes5352@lionstate.edu,h6596pmb,Miss Esperanza Macejkovic,19,M,IST,185 E. Trenton Street ,91702,0
mci7103@lionstate.edu,9e902fh5,Mrs. Ciara Watsica,18,F,DS,461 Heather Street ,31789,0
jke2667@lionstate.edu,tc7wzen5,Jeramy Kessler,19,F,EE,9498 Newport Ave. ,50439,0
kbr9764@lionstate.edu,bb20e3eo,Kim Brown,22,F,MATH,182 Spring Street ,93624,0
kqu2179@lionstate.edu,ncauyhl8,Kiley Quitzon,19,M,MATH,860 Wakehurst Dr. ,66418,0
mja2485@lionstate.edu,50ios7oc,Miss Jaeden Wehner,18,F,CHEM,6 Andover Dr. ,30233,0
tpr8421@lionstate.edu,7xngmflx,Trenton Price,22,F,CHEM,185 E. Trenton Street ,80498,0
mel3476@lionstate.edu,koq3w7uq,Mrs. Elvie Langosh,22,M,MATH,91 S. Gartner Street ,61091,0
kbe8997@lionstate.edu,qaim4nyr,Kyler Becker,19,F,PHYS,9408 Anderson Court ,66732,0
sro2588@lionstate.edu,y8ctfvas,Selmer Romaguera V,18,M,IST,185 E. Trenton Street ,61364,0
jha1078@lionstate.edu,r3fjawr3,Jedediah Hahn,18,M,DS,7195 North Canterbury Circle ,33068,0
spr5193@lionstate.edu,ml2h208b,Sedrick Prosacco,22,M,PHYS,8985 Cambridge Ave. ,51652,0
pmu4370@lionstate.edu,7lkh0drk,Phoebe Murazik I,19,F,DS,285 Dogwood Drive ,62987,0
tle9077@lionstate.edu,aw578ax6,Turner Leffler,21,F,CSE,453 North Elm Dr. ,81001,0
imu2857@lionstate.edu,9fxd7jbx,Izabella Murphy,21,M,PHYS,7 Arch Court ,60920,0
sdo9870@lionstate.edu,h4s07rdo,Spencer Doyle,18,M,ECON,860 Wakehurst Dr. ,31709,0
pok5286@lionstate.edu,ip7d5auz,Penelope Okuneva,21,M,MATH,55 Hall St. ,50633,0
wo'7278@lionstate.edu,763l3i7c,Wilburn O'Reilly Jr.,20,M,DS,91 S. Gartner Street ,62976,0
mci5246@lionstate.edu,29h5hyri,Mr. Citlalli Kirlin,20,M,CSE,9408 Anderson Court ,32117,0
mma4189@lionstate.edu,qn3gf4jy,Mossie Marks,18,M,IST,182 Spring Street ,19707,0
nbe3401@lionstate.edu,0st9amrk,Ned Bechtelar,22,F,STAT,232 W. Homewood Ave. ,51445,0
mmi9822@lionstate.edu,g7du1ojo,Miss Mireya Dach,21,F,EE,88 Harrison Street ,93513,0
vho3800@lionstate.edu,xq61mjeu,Virginia Hoppe,18,M,CMPEN,336 Myrtle Street ,34450,0
mid8120@lionstate.edu,m8xeqokb,Miss Idell McLaughlin,22,M,STAT,7130 Longfellow Dr. ,83285,0
jst5934@lionstate.edu,e96c7keo,Janet Streich,19,F,MATH,266 Second Street ,72567,0
mtr4908@lionstate.edu,bo0jngmw,Martina Trantow,20,M,MATH,336 Myrtle Street ,30752,0
oha3028@lionstate.edu,f82kxu02,Octavia Hane,19,F,DS,7764 Union Avenue ,47847,0
jbo2807@lionstate.edu,v9ssce9g,Jeremy Boyer,20,F,CMPEN,655 East Branch Dr. ,33476,0
jcr6700@lionstate.edu,q9d9s6dq,Juana Cronin,21,M,DS,7195 North Canterbury Circle ,47455,0
ksa5709@lionstate.edu,sl8woypo,Kane Satterfield,18,F,CHEM,7529 Old Sunset Road ,90001,0
sbe8426@lionstate.edu,2vzzya36,Stephon Bernier,22,M,CSE,9599 La Sierra St. ,6469,0
mru1547@lionstate.edu,l9hbj48g,Mr. Rudolph Littel,21,F,IST,9659 Rosewood Drive ,46301,0
sni6517@lionstate.edu,5yi7x0eo,Sonya Nitzsche,20,F,ECON,78 South Brewery Ave. ,61438,0
mgu2556@lionstate.edu,rl2cp87v,Mr. Gudrun Dickinson,18,F,CMPEN,8687 N. Sleepy Hollow Court ,46011,0
ora1051@lionstate.edu,kvn8iy42,Orland Rau,18,M,CMPEN,9659 Rosewood Drive ,92337,0
mde6918@lionstate.edu,vtosgz5l,Mrs. Deanna Wuckert,20,M,CHEM,780 East Redwood Drive ,92267,0
jku6715@lionstate.edu,s5sdwxe9,Jarred Kutch,18,F,CMPSC,3 North Linden Ave. ,81141,0
kda1105@lionstate.edu,ky47f40i,Karine Davis,22,F,CSE,708 York Dr. ,90660,0
mot4366@lionstate.edu,yj2pbwup,Miss Ottilie Dooley,19,M,CMPEN,285 Dogwood Drive ,72821,0
mgu4156@lionstate.edu,2ah4ktzw,Miss Guy Nader,21,F,CSE,9236 El Dorado St. ,95463,0
nmo6638@lionstate.edu,vlzywpvf,Nikolas Moen,18,F,CSE,9408 Anderson Court ,34232,0
sre9441@lionstate.edu,iplj2xy6,Sydnie Reichert,19,M,CSE,9498 Newport Ave. ,62643,0
mwa9361@lionstate.edu,32646od4,Merlin Ward,20,F,PHYS,798 North Euclid Drive ,66860,0
lto9285@lionstate.edu,ey2211w5,Leatha Torp,18,F,CMPSC,8378 West Pulaski Ave. ,33403,0
mba8566@lionstate.edu,sh4xt2bg,Miss Bailee Bogan,19,M,CSE,119 Harvey Street ,83548,0
scr5917@lionstate.edu,l1v69w0t,Stuart Cruickshank,20,M,EE,9599 La Sierra St. ,83836,0
mal6483@lionstate.edu,diy15lsc,Ms. Alice Grady,21,F,STAT,7 Arch Court ,94028,0
mbe7846@lionstate.edu,lb72y2as,Madison Beer,18,F,EE,9236 El Dorado St. ,85551,0
tbo6140@lionstate.edu,o7e5y5dx,Tremayne Bode,18,M,CMPEN,120 Heritage Lane ,51363,0
jgi1267@lionstate.edu,maqpunnl,Jocelyn Gibson,20,F,CMPEN,7450 West Manchester Street ,81133,0
ycr2698@lionstate.edu,vq1nni34,Yesenia Cruickshank,18,F,ECON,9498 Newport Ave. ,6413,0
nla5784@lionstate.edu,5aoxsizv,Nedra Langworth DDS,20,F,CMPSC,63 Lake Forest Road ,83336,0
mgo7391@lionstate.edu,nxo2mwgf,Miles Gottlieb,20,M,ECON,308 Mammoth Dr. ,33618,0
tar1494@lionstate.edu,mklvq7ae,Tobin Armstrong,19,M,CHEM,78 South Brewery Ave. ,46792,0
jca6758@lionstate.edu,shhpv8p7,Jerome Carroll,22,F,CMPSC,7 Arch Court ,61605,0
mro5260@lionstate.edu,02urjsak,Miss Roger Hermann,21,F,IST,453 North Elm Dr. ,51440,0
mja5716@lionstate.edu,kcu3vjig,Mrs. Jarod Hauck,19,F,STAT,83 Corona Street ,93551,0
lmc7976@lionstate.edu,j2sxy242,Lupe McClure V,21,F,IST,88 Harrison Street ,46115,0
mte9606@lionstate.edu,pb0hfa5q,Ms. Tess Volkman,22,M,ECON,336 Myrtle Street ,72542,0
mor8879@lionstate.edu,gx3wwjpy,Marcelle Orn,18,M,PHYS,87 Vermont St. ,34996,0
mlo6731@lionstate.edu,ncjwln3k,Madeline Lowe,19,F,CSE,259 Cleveland Road ,33635,0
mgr1249@lionstate.edu,dougrd3c,Miss Grayson Pagac,18,M,CMPEN,9659 Rosewood Drive ,33129,0
lly4642@lionstate.edu,okou3evv,Luisa Lynch II,20,F,MATH,7195 North Canterbury Circle ,72717,0
mdo7786@lionstate.edu,c1tkc0cu,Ms. Donavon Ferry,19,F,PHYS,83 Corona Street ,19902,0
jdi6068@lionstate.edu,ctrbgry4,Jalen Dietrich DDS,21,M,PHYS,83 Corona Street ,52802,0
sko1421@lionstate.edu,o1kwtc35,Stella Kohler,18,F,DS,78 South Brewery Ave. ,46407,0
mtr7454@lionstate.edu,9pp8rq5t,Mrs. Trisha Flatley,20,M,CMPEN,308 Mammoth Dr. ,92549,0
mmc4653@lionstate.edu,scejc8la,Mireya McKenzie,20,F,STAT,7130 Longfellow Dr. ,50648,0
nwi5569@lionstate.edu,x6dvvxsz,Nestor Willms,18,M,PHYS,7764 Union Avenue ,95556,0
tdo6032@lionstate.edu,7t094e9g,Trevor Douglas,18,F,CMPEN,8401 Green Rd. ,72950,0
jwo9868@lionstate.edu,cn3jhka6,Jaydon Wolff III,18,F,DS,655 East Branch Dr. ,92618,0
spa6019@lionstate.edu,m5cocubj,Stuart Paucek,18,M,PHYS,26 Johnson St. ,72438,0
mli3321@lionstate.edu,ui580f4n,Maeve Lindgren,21,F,CHEM,63 Lake Forest Road ,62501,0
kcr5457@lionstate.edu,v0fgasd7,Keshaun Cremin,22,F,PHYS,78 South Brewery Ave. ,96708,0
ld'3923@lionstate.edu,ftqmprpx,Lorenz D'Amore,18,M,CMPEN,361 E. Sierra Street ,19733,0
oca4581@lionstate.edu,xcjcr4fc,Ottis Carter,18,M,CHEM,308 Mammoth Dr. ,31316,0
mab6845@lionstate.edu,9850zhhi,Mr. Abdullah Nienow,22,M,CMPEN,26 Johnson St. ,86403,0
jhe3279@lionstate.edu,p90ls52s,Joel Hessel,18,F,ECON,6 Andover Dr. ,81504,0
mde2599@lionstate.edu,pczfi6i4,Mrs. Deangelo Larson,18,M,MATH,120 Heritage Lane ,6090,0
rma3714@lionstate.edu,rqgrpbb3,Rey Mayer,21,M,CMPSC,4 Old Academy Drive ,85003,0
ogo3872@lionstate.edu,o3hihfsr,Osvaldo Goldner,21,M,CSE,863 Stillwater Road ,80624,0
mar6527@lionstate.edu,jc1yhwrz,Miss Archibald Parisian,21,F,PHYS,860 Wakehurst Dr. ,47948,0
kks7927@lionstate.edu,o27khz2d,Kirk Kshlerin,22,F,CHEM,780 East Redwood Drive ,52626,0
jja6275@lionstate.edu,vaklayln,Jude Jakubowski,19,M,IST,251 West Sheffield Drive ,46039,0
lha1165@lionstate.edu,gtmrxd7b,Letitia Haley,19,M,CMPSC,453 North Elm Dr. ,6359,0
lro5092@lionstate.edu,krunxnsj,Lyla Rowe,18,F,PHYS,3 North Linden Ave. ,31747,0
rro8624@lionstate.edu,fcsiw9vb,Reba Rogahn Jr.,18,F,CMPEN,655 East Branch Dr. ,30168,0
xbe4075@lionstate.edu,fwja346l,Xzavier Bednar,18,M,CHEM,6 Andover Dr. ,91905,0
mbe5897@lionstate.edu,1alls4jn,Madalyn Beahan,22,M,CMPSC,308 Mammoth Dr. ,61344,0
msp2396@lionstate.edu,eivrd0dg,Marquise Sporer,20,M,DS,9408 Anderson Court ,92056,0
lma3997@lionstate.edu,4abor0p0,Lily Mayer,19,M,CSE,780 East Redwood Drive ,51046,0
jad9991@lionstate.edu,i8c51ca7,Johnpaul Adams III,19,M,STAT,8985 Cambridge Ave. ,30054,0
zok8115@lionstate.edu,h2c0hmwx,Zita Okuneva,21,F,IST,708 York Dr. ,62346,0
lra5429@lionstate.edu,ky9az1o3,Leone Rath,20,M,STAT,7450 West Manchester Street ,32445,0
kto3075@lionstate.edu,ciwfk9v0,Kenna Toy,22,F,CHEM,55 Hall St. ,61775,0
lha1007@lionstate.edu,i41crgb3,Lesly Hamill,20,M,PHYS,798 North Euclid Drive ,80487,0
mja6914@lionstate.edu,bubzi73b,Mona Jast,19,F,ECON,8401 Green Rd. ,81321,0
mo'2102@lionstate.edu,dg88ili6,Malachi O'Kon Sr.,21,M,CMPSC,266 Second Street ,96734,0
mra9348@lionstate.edu,4y9tpklm,Maryjane Ratke DVM,18,M,MATH,6 Andover Dr. ,30218,0
rra2944@lionstate.edu,mfh91bnj,Rosanna Raynor II,22,F,EE,655 East Branch Dr. ,32079,0
sei2746@lionstate.edu,66hclke8,Sydnie Eichmann,18,F,CHEM,78 South Brewery Ave. ,52323,0
jma9081@lionstate.edu,jhdfzk6j,Johan Marquardt,21,M,IST,141 Gulf Rd. ,90004,0
zgo6248@lionstate.edu,18ujzopj,Zora Gottlieb,18,F,CHEM,83 Corona Street ,86443,0
mte5290@lionstate.edu,pyhzcqqb,Mr. Terence Barrows,20,M,CHEM,963 Court Road ,32310,0
khe4237@lionstate.edu,6tevyige,Karina Heaney V,20,F,PHYS,461 Heather Street ,32091,0
rto9639@lionstate.edu,7kg2r96n,Rafaela Towne,18,M,CSE,266 Second Street ,6039,0
jre4487@lionstate.edu,86avpeyh,Jonathon Renner,19,F,IST,336 Myrtle Street ,71839,0
mco4950@lionstate.edu,6se8nlut,Marquis Corkery,20,M,DS,8378 West Pulaski Ave. ,47833,0
ocr4281@lionstate.edu,xd3o8mxz,Ozella Cremin,21,M,CMPEN,251 West Sheffield Drive ,62288,0
ppo3674@lionstate.edu,hni8nv4y,Pattie Pouros,21,F,IST,87 Vermont St. ,67642,0
sro6593@lionstate.edu,o4khshi4,Sylvester Rogahn,20,F,MATH,9408 Anderson Court ,46975,0
mbe8122@lionstate.edu,3z92cca8,Madeline Beatty,18,M,CHEM,78 South Brewery Ave. ,33313,0
mta1412@lionstate.edu,9yv3xir1,Mr. Talia Reilly,22,M,STAT,7313 Stillwater Lane ,61955,0
ssc5113@lionstate.edu,08i243xw,Sean Schmidt,18,F,CMPEN,8401 Green Rd. ,50130,0
lto8681@lionstate.edu,rfbl7dns,Leopold Torp,18,F,PHYS,91 S. Gartner Street ,83348,0
mmo9633@lionstate.edu,532k3czr,Madaline Monahan DVM,21,M,IST,185 E. Trenton Street ,95757,0
mku3286@lionstate.edu,ap25n3ab,Mittie Kuvalis,18,M,STAT,7297 Applegate St. ,92107,0
jku4357@lionstate.edu,1ryphig3,Jamarcus Kutch,19,M,ECON,6 Andover Dr. ,71842,0
lcr9996@lionstate.edu,ryeicg8y,Lacey Cremin,22,F,STAT,9599 La Sierra St. ,50034,0
jst7299@lionstate.edu,93y7sv9c,Jalen Stanton,21,F,STAT,361 E. Sierra Street ,72469,0
ssc3796@lionstate.edu,15xkc9gi,Shaun Schamberger,18,M,STAT,91 S. Gartner Street ,34653,0
mad5228@lionstate.edu,znklaesk,Mrs. Adrain Howe,19,F,IST,9659 Rosewood Drive ,90010,0
swa2238@lionstate.edu,3n0anbkn,Shania Walker V,22,M,ECON,78 South Brewery Ave. ,93401,0
sma7982@lionstate.edu,8ho2ylkn,Shane Mayer,18,M,MATH,8378 West Pulaski Ave. ,72760,0
mlu2848@lionstate.edu,xlcl3olo,Mr. Lurline Green,21,M,CMPSC,798 North Euclid Drive ,62803,0
khe2935@lionstate.edu,5v0x2i2u,Kendra Hessel,21,M,STAT,9236 El Dorado St. ,6235,0
kte7157@lionstate.edu,qgxo5n12,Keshaun Terry,20,M,MATH,9408 Anderson Court ,6606,0
kri6727@lionstate.edu,cndejauu,Katelin Rippin DDS,21,M,ECON,608 North Addison St. ,33181,0
kor8639@lionstate.edu,r0wetv5d,Kaia Orn,21,F,PHYS,182 Spring Street ,47025,0
mfi6371@lionstate.edu,0o5ugfpb,Marietta Fisher,19,M,ECON,285 Dogwood Drive ,60041,0
mkr4574@lionstate.edu,9ibxvx8f,Mrs. Krystal Buckridge,22,M,ECON,251 West Sheffield Drive ,32043,0
smu8714@lionstate.edu,ottq8l4h,Shanna Murray,19,F,ECON,8401 Green Rd. ,61938,0
rbi9155@lionstate.edu,u023nh0i,Rodrigo Bins,21,F,PHYS,461 Heather Street ,6754,0
jro5974@lionstate.edu,2pn9hkyw,Jakayla Rogahn,18,F,IST,780 East Redwood Drive ,30470,0
ktr6772@lionstate.edu,rxsuefl3,Khalil Tremblay,20,M,DS,18 Lakeview Street ,31094,0
wda9016@lionstate.edu,7p0w4sw8,Woodrow Daugherty,21,F,ECON,453 North Elm Dr. ,95315,0
rfa8532@lionstate.edu,937d9lsa,Rosa Fahey,20,F,PHYS,308 Mammoth Dr. ,62943,0
mne6555@lionstate.edu,exkdo0ql,Miss Neoma Pfannerstill,18,F,PHYS,7764 Union Avenue ,32038,0
sre4987@lionstate.edu,421s7hyr,Stella Reichel,18,F,MATH,461 Heather Street ,83654,0
tmc7639@lionstate.edu,ybftdlvn,Titus McClure,20,M,ECON,963 Court Road ,33982,0
lsc9165@lionstate.edu,zb72v3ys,Leo Schneider,20,M,IST,963 Court Road ,33145,0
rra4659@lionstate.edu,hif5wgha,Rodrick Ratke,18,F,EE,83 Corona Street ,6088,0
qjo2835@lionstate.edu,jc5mjn4j,Quinton Johnston,20,M,STAT,336 Myrtle Street ,62254,0
jpr1678@lionstate.edu,jtpv3g6o,Justus Prosacco,22,F,CSE,336 Myrtle Street ,81410,0
msm4734@lionstate.edu,2ki3shs0,Madeline Smith,20,M,IST,655 East Branch Dr. ,62355,0
smc5761@lionstate.edu,5cjv882q,Sallie McDermott,18,M,CHEM,9659 Rosewood Drive ,72014,0
mpo6230@lionstate.edu,7f94l7s0,Mireya Pouros,22,M,IST,608 North Addison St. ,60450,0
mda7325@lionstate.edu,b72x34cx,Mrs. Daryl Beier,21,M,STAT,495 Jockey Hollow Ave. ,61484,0
mcr8647@lionstate.edu,o7rl1udy,Marisol Crona,18,F,CHEM,7195 North Canterbury Circle ,31216,0
wan5226@lionstate.edu,h7waj302,Wava Anderson IV,18,M,DS,141 Gulf Rd. ,47725,0
mpa1579@lionstate.edu,pxfwcqxb,Miss Paul Hills,22,M,MATH,26 Johnson St. ,52208,0
vle9800@lionstate.edu,rof5jch8,Velma Lebsack,21,M,CHEM,9498 Newport Ave. ,50067,0
mde4739@lionstate.edu,bkiff3gh,Mrs. Deja Mosciski,21,F,CMPSC,336 Myrtle Street ,61028,0
rhu1999@lionstate.edu,08ddd6ps,Rosie Huel,22,M,EE,608 North Addison St. ,62690,0
mco7612@lionstate.edu,gvftq3ee,Marcelina Collins,19,M,DS,9236 El Dorado St. ,32578,0
jha8710@lionstate.edu,ra3xf3g2,Joel Hammes,18,M,IST,863 Stillwater Road ,31523,0
ivo1134@lionstate.edu,aa8obunx,Ismael Von,19,F,IST,798 North Euclid Drive ,47167,0
ire9271@lionstate.edu,7m9wcg8w,Ivory Reichert,19,M,DS,7 Arch Court ,32805,0
mro8475@lionstate.edu,otcje7py,Mae Rolfson,18,F,STAT,655 East Branch Dr. ,93033,0
rro5798@lionstate.edu,wgtnbh1o,Rowland Roob V,21,F,CHEM,259 Cleveland Road ,61863,0
rhu3482@lionstate.edu,ungqga6k,Rigoberto Huel,19,M,CSE,8985 Cambridge Ave. ,31774,0
mja6117@lionstate.edu,ehf2dmzk,Mr. Jasen Stracke,18,F,MATH,18 Lakeview Street ,50171,0
mma4302@lionstate.edu,5yczj6oj,Ms. Maci Schamberger,21,M,IST,7313 Stillwater Lane ,66515,0
mam2014@lionstate.edu,99wxwmdm,Mrs. Amparo Bahringer,22,M,MATH,7313 Stillwater Lane ,80116,0
jma7277@lionstate.edu,jolwy2s0,Jarret Mante,22,F,ECON,4 Old Academy Drive ,46745,0
mzi4705@lionstate.edu,ct9v66xc,Monica Zieme,19,F,DS,9408 Anderson Court ,33167,0
kmc2382@lionstate.edu,ggt4hfj9,Kevon McDermott,21,M,ECON,7297 Applegate St. ,61239,0
omu5991@lionstate.edu,30cb43o7,Ophelia Murphy,19,F,STAT,232 W. Homewood Ave. ,32087,0
jma1975@lionstate.edu,3hbwxyko,Jeanne Marquardt,18,M,EE,232 W. Homewood Ave. ,50613,0
jke6352@lionstate.edu,q0ssowih,Jarrett Kessler,20,M,CMPEN,119 Harvey Street ,33016,0
rle2901@lionstate.edu,k0t192jm,Rafaela Legros,21,M,MATH,232 W. Homewood Ave. ,72856,0
mgr5494@lionstate.edu,dwq6vie7,Madelynn Grimes,19,M,PHYS,7 Arch Court ,33704,0
lbe3921@lionstate.edu,1ac5j9hy,Leonel Beahan V,20,F,PHYS,7764 Union Avenue ,80231,0
ppa6961@lionstate.edu,9hg8nilg,Price Parker,21,F,DS,285 Dogwood Drive ,94041,0
swa7358@lionstate.edu,0v91h6mw,Stephen Ward,19,M,DS,308 Mammoth Dr. ,96035,0
lmo1800@lionstate.edu,zrzby18o,Leon Morissette,21,F,STAT,8401 Green Rd. ,61275,0
mha4751@lionstate.edu,gysd8ywq,Mackenzie Halvorson,18,F,PHYS,18 Lakeview Street ,93060,0
kwi7687@lionstate.edu,9sr4krcq,Kara Wiegand I,21,M,ECON,232 W. Homewood Ave. ,83846,0
pab5129@lionstate.edu,y8692wws,Pascale Abbott,21,M,CHEM,251 West Sheffield Drive ,60712,0
swi5077@lionstate.edu,pwnt950j,Scot Will Jr.,20,M,EE,259 Cleveland Road ,61037,0
rla2797@lionstate.edu,ibm2bo3e,Rashad Larson,19,M,EE,7 Arch Court ,66711,0
sbr3123@lionstate.edu,krp1pkam,Savanna Brakus,21,M,STAT,8378 West Pulaski Ave. ,60031,0
lmo4016@lionstate.edu,0djua4jk,Lolita Moore,20,F,CHEM,453 North Elm Dr. ,30513,0
mmc7342@lionstate.edu,yh7imzim,Maritza McKenzie,19,M,ECON,55 Hall St. ,90605,0
sdo3750@lionstate.edu,mmw3lwvp,Sammy Douglas V,22,F,MATH,780 East Redwood Drive ,47725,0
mzi8291@lionstate.edu,ntwa6o22,Marta Zieme DDS,22,M,CMPSC,4 Old Academy Drive ,95660,0
mom6938@lionstate.edu,uhxeokud,Mrs. Oma Veum,21,F,MATH,119 Harvey Street ,85009,0
msc9287@lionstate.edu,yxwumm5l,Marco Schaefer,18,M,DS,55 Hall St. ,86545,0
wru8295@lionstate.edu,whmc8nsh,Wilson Runte,18,M,ECON,26 Johnson St. ,47201,0
oup4229@lionstate.edu,9oes49js,Odessa Upton,22,F,CHEM,8687 N. Sleepy Hollow Court ,90704,0
mli2334@lionstate.edu,1zvudew1,Melyna Lindgren,19,F,CMPSC,8378 West Pulaski Ave. ,32003,0
lhe3112@lionstate.edu,tgsfcg7u,Leon Hettinger,19,M,MATH,8687 N. Sleepy Hollow Court ,30802,0
rsc9635@lionstate.edu,e1lek9bw,Retha Schamberger,22,F,MATH,185 E. Trenton Street ,61928,0
mbr9751@lionstate.edu,yppqbd8m,Mr. Brionna Padberg,22,M,CSE,860 Wakehurst Dr. ,50428,0
mhi9404@lionstate.edu,z0ak5f78,Myrtie Hilpert,21,F,EE,336 Myrtle Street ,72367,0
sgr1450@lionstate.edu,xpddtqtt,Shayna Greenfelder V,18,F,CHEM,83 Corona Street ,93616,0
slu4029@lionstate.edu,vjp9fvw3,Susanna Lueilwitz,22,M,IST,7195 North Canterbury Circle ,33974,0
tzu3964@lionstate.edu,z8brxxr2,Tanya Zulauf,19,M,MATH,9498 Newport Ave. ,66516,0
bkr1614@lionstate.edu,fv67v7ud,Beau Krajcik,21,F,CMPEN,780 East Redwood Drive ,31217,0
afe9226@lionstate.edu,u9sweo7t,Aurelia Ferry,22,M,CHEM,78 South Brewery Ave. ,46785,0
atr7724@lionstate.edu,rpc0ecr4,Asa Tromp,19,F,EE,9420 Tallwood Street ,83833,0
bbe1971@lionstate.edu,2z5x0wq9,Bailee Bernhard,19,M,IST,8985 Cambridge Ave. ,50655,0
abl5494@lionstate.edu,ymt3iyum,Axel Blanda,18,F,MATH,655 East Branch Dr. ,90803,0
asc7849@lionstate.edu,c0hgfkxn,Arturo Schoen,18,F,CHEM,185 E. Trenton Street ,72762,0
asc2462@lionstate.edu,y6e4oxeo,Annabell Schuppe I,21,F,PHYS,7 Arch Court ,50668,0
amc6705@lionstate.edu,mpx009eg,Ashly McGlynn,21,M,CMPEN,639 Princeton Rd. ,80516,0
abe7143@lionstate.edu,lx2hz60s,Augustine Bednar,21,M,ECON,708 York Dr. ,94950,0
abu4594@lionstate.edu,p0itvgwk,Ardith Buckridge,20,M,CSE,9659 Rosewood Drive ,95231,0
agl6867@lionstate.edu,c8tpvxdf,Antonette Gleason,19,F,EE,91 S. Gartner Street ,93267,0
aer4333@lionstate.edu,mxdgxmjn,Annette Erdman III,19,F,CMPEN,7764 Union Avenue ,31711,0
asc3862@lionstate.edu,fzkbxbiu,Austen Schultz,20,M,CMPSC,7764 Union Avenue ,92004,0
asp5352@lionstate.edu,f096f3px,Antone Spinka,22,F,DS,266 Second Street ,34711,0
aho2701@lionstate.edu,3t52wwlg,Angie Howell DVM,20,M,MATH,7450 West Manchester Street ,34602,0
acr7084@lionstate.edu,17ow7v6r,Anita Cremin,19,F,MATH,259 Cleveland Road ,90033,0
bst2160@lionstate.edu,7398f1v0,Baby Stokes,22,F,PHYS,91 S. Gartner Street ,60536,0
ari8290@lionstate.edu,cu9pnq8n,Antonio Rice,21,M,PHYS,461 Heather Street ,6091,0
bke6313@lionstate.edu,t26x25az,Bailee Keebler,18,M,CSE,63 Lake Forest Road ,50585,0
ahe6284@lionstate.edu,p6q31twb,Annette Heathcote,19,F,IST,9599 La Sierra St. ,83830,0
ast8005@lionstate.edu,msf24v3r,Arturo Stiedemann,19,F,CMPEN,639 Princeton Rd. ,33027,0
aha8564@lionstate.edu,vjy43dwn,Arianna Hayes,21,F,CSE,798 North Euclid Drive ,6477,0
bly7859@lionstate.edu,rv6h5k9v,Barbara Lynch,22,F,CSE,461 Heather Street ,85352,0
bpa6768@lionstate.edu,fms2vvht,Baron Pacocha,22,M,PHYS,655 East Branch Dr. ,33884,0
ahe1279@lionstate.edu,kp2yck94,Ardith Hettinger,20,M,STAT,461 Heather Street ,33037,0
awa9571@lionstate.edu,7zryi69f,Assunta Walsh,19,F,PHYS,8985 Cambridge Ave. ,30222,0
apa2541@lionstate.edu,0ahwidu1,Arnulfo Paucek,19,M,STAT,4 Old Academy Drive ,6450,0
awa1809@lionstate.edu,ieerwn8d,Anika Walsh,18,M,EE,863 Stillwater Road ,31634,0
abr2628@lionstate.edu,xkw7v0ch,Antonina Brekke,22,M,DS,336 Myrtle Street ,80022,0
asi6829@lionstate.edu,qe5jz5ek,Ari Simonis,22,M,DS,655 East Branch Dr. ,85328,0
awi4582@lionstate.edu,61t53q20,Ayana Wilkinson,20,F,CMPSC,141 Gulf Rd. ,32535,0
abl8902@lionstate.edu,7j28vvzc,Annabelle Block,19,F,STAT,308 Mammoth Dr. ,6897,0
ayo6298@lionstate.edu,ps7agu40,Arianna Yost,18,F,EE,8687 N. Sleepy Hollow Court ,61036,0
ama3077@lionstate.edu,8rkn1rx3,Angelo Macejkovic,20,F,PHYS,185 E. Trenton Street ,95503,0
co'1788@lionstate.edu,no2dsq6k,Cicero O'Kon,19,F,DS,9420 Tallwood Street ,51455,0
bgi3522@lionstate.edu,3nwq2ezo,Bettie Gibson II,18,F,IST,8985 Cambridge Ave. ,62532,0
czb9309@lionstate.edu,3rzaa57p,Carter Zboncak,19,F,STAT,495 Jockey Hollow Ave. ,60457,0
cha9704@lionstate.edu,qm4tj1ve,Claire Haley,18,M,CMPSC,141 Gulf Rd. ,80432,0
ama6515@lionstate.edu,2554uc0w,Ahmed Marks,21,M,MATH,18 Lakeview Street ,83342,0
cgi1101@lionstate.edu,hq5l3bz8,Cody Gislason,18,F,STAT,453 North Elm Dr. ,93604,0
cha2583@lionstate.edu,afkpa2ws,Cyrus Haag,18,M,CMPEN,860 Wakehurst Dr. ,30912,0
cdo9201@lionstate.edu,k6a80kp9,Charlotte Donnelly,20,F,EE,259 Cleveland Road ,46902,0
bbe7235@lionstate.edu,scpn2dpp,Bethany Bernhard,21,F,ECON,358 Marvon Ave. ,46140,0
aje9160@lionstate.edu,yi3qshz1,Abigale Jewess,21,M,CMPSC,608 North Addison St. ,67880,0
csp7875@lionstate.edu,2vu5sf3s,Cade Spinka Jr.,22,F,CMPSC,7313 Stillwater Lane ,62082,0
ali7453@lionstate.edu,0fn7cx6r,Alden Lind,22,F,CMPEN,18 Lakeview Street ,61928,0
dgo8205@lionstate.edu,0bn8gx77,Danny Goldner,22,M,EE,7450 West Manchester Street ,50475,0
awi7768@lionstate.edu,8jz2y2a5,Aida Wilderman,19,F,PHYS,8378 West Pulaski Ave. ,61822,0
bre4160@lionstate.edu,47fu0i8o,Bessie Reinger,21,F,CHEM,9408 Anderson Court ,94607,0
cbi3526@lionstate.edu,8vc64p5v,Cleveland Bins,19,M,IST,83 Corona Street ,95316,0
dhu6635@lionstate.edu,pfvpn4hn,Damien Hudson,19,F,PHYS,232 W. Homewood Ave. ,32776,0
bpa2803@lionstate.edu,b98cyqy7,Brice Pacocha,22,F,CMPEN,9420 Tallwood Street ,95318,0
cgu3158@lionstate.edu,p9z2n632,Cody Gutkowski,19,F,ECON,9420 Tallwood Street ,52342,0
cos1799@lionstate.edu,0n1e6pnc,Cameron Osinski,20,F,CHEM,7529 Old Sunset Road ,30101,0
dka4769@lionstate.edu,fhdtpgwv,Dandre Kassulke,21,F,IST,798 North Euclid Drive ,91604,0
ago3924@lionstate.edu,1diivr7z,Alexandrea Goodwin,21,M,STAT,7 Arch Court ,95385,0
bha9246@lionstate.edu,o1rt4cbf,Brody Hackett,20,F,CMPEN,78 South Brewery Ave. ,94937,0
ast8438@lionstate.edu,crailqp3,Alanis Stracke,19,F,ECON,639 Princeton Rd. ,31787,0
bko7832@lionstate.edu,142xk754,Bernadine Koelpin,18,F,CMPEN,251 West Sheffield Drive ,95540,0
dsh8625@lionstate.edu,ti45130u,Damon Shields,22,F,CMPSC,63 Lake Forest Road ,34797,0
acr2307@lionstate.edu,uvhbxp40,Alexane Cremin PhD,21,F,PHYS,9659 Rosewood Drive ,92625,0
cku1462@lionstate.edu,2x8rf35c,Cleo Kub,19,F,EE,259 Cleveland Road ,46051,0
cfl5329@lionstate.edu,8lhl9t10,Carleton Flatley,22,F,IST,8687 N. Sleepy Hollow Court ,32257,0
bre8066@lionstate.edu,6f3z7kb0,Berta Reichert,20,F,CSE,9236 El Dorado St. ,91710,0
cre5153@lionstate.edu,6jcorz9a,Calista Reichel,19,F,MATH,7313 Stillwater Lane ,52570,0
che7946@lionstate.edu,ajkwwmzd,Carolyne Herman,22,M,CMPEN,9408 Anderson Court ,34488,0
dhe6440@lionstate.edu,3c34iijt,Dameon Herman,19,M,STAT,87 Vermont St. ,71827,0
bja8759@lionstate.edu,du41ksn8,Blaze Jaskolski,21,M,CMPEN,9599 La Sierra St. ,85736,0
chi8541@lionstate.edu,3l51ofow,Celestino Hilll,20,M,IST,655 East Branch Dr. ,34691,0
aku9191@lionstate.edu,cl82fa7j,Abbey Kunde,21,M,PHYS,8985 Cambridge Ave. ,32563,0
ago2420@lionstate.edu,bjppzwgj,Abigayle Goldner,18,M,EE,285 Dogwood Drive ,83666,0
bbe6804@lionstate.edu,jwnn3kbs,Brandi Bergstrom,20,F,MATH,7130 Longfellow Dr. ,90704,0
awi6807@lionstate.edu,2ug8r41a,Abe Wintheiser,21,M,ECON,141 Gulf Rd. ,92025,0
cra1384@lionstate.edu,gjmnphk1,Caesar Rath II,19,M,DS,9498 Newport Ave. ,61814,0
cni4777@lionstate.edu,r18uqmoj,Chloe Nienow,21,M,PHYS,9659 Rosewood Drive ,80648,0
bmu5779@lionstate.edu,ajfck44r,Beverly Muller,21,F,IST,963 Court Road ,81019,0
cru1287@lionstate.edu,2s9glbub,Casimer Runolfsdottir IV,19,M,CMPEN,259 Cleveland Road ,47369,0
abr2910@lionstate.edu,avpdvzzg,Adell Bradtke,19,M,PHYS,963 Court Road ,90621,0
cro4659@lionstate.edu,xh1z5q3c,Crawford Romaguera,20,M,CSE,863 Stillwater Road ,52649,0
asc7710@lionstate.edu,21ch6o1g,Aimee Schowalter,19,M,CHEM,963 Court Road ,67020,0
bbi5217@lionstate.edu,ib658n92,Brannon Bins,22,F,CSE,9599 La Sierra St. ,72628,0
cwi9696@lionstate.edu,6thcq3ka,Cade Wilderman,20,M,ECON,18 Lakeview Street ,86045,0
amu1271@lionstate.edu,y9hmo2y1,Alden Murazik,19,M,CSE,55 Hall St. ,93610,0
cbr3311@lionstate.edu,iu6rvymu,Chad Breitenberg,22,F,MATH,87 Vermont St. ,33013,0
ahu9998@lionstate.edu,pc2li9jb,Adelia Huels,19,F,PHYS,608 North Addison St. ,33541,0
bhu8777@lionstate.edu,0sr7srbq,Brian Huel,22,F,CMPEN,7195 North Canterbury Circle ,30135,0
cke5626@lionstate.edu,7lsd8u6o,Crystal Keebler,22,F,IST,232 W. Homewood Ave. ,46110,0
cre3514@lionstate.edu,0okfdvzu,Cali Reichert,22,F,PHYS,119 Harvey Street ,95540,0
aan1394@lionstate.edu,hj0n3pp5,Abel Anderson Sr.,22,F,PHYS,8985 Cambridge Ave. ,33154,0
cre5333@lionstate.edu,o5p7oizf,Cassie Reynolds,21,F,CMPSC,7195 North Canterbury Circle ,47456,0
cti9525@lionstate.edu,20aadwv7,Clovis Tillman,21,M,CMPEN,9599 La Sierra St. ,6409,0
bwi3191@lionstate.edu,qocb0jon,Branson Wiegand Jr.,21,M,STAT,453 North Elm Dr. ,47850,0
cgr2892@lionstate.edu,xy9mo4ch,Carolyn Greenfelder,19,F,MATH,55 Hall St. ,30464,0
cch7675@lionstate.edu,nc83dfhd,Cierra Christiansen,21,M,MATH,608 North Addison St. ,60963,0
cco4658@lionstate.edu,32gvv474,Carley Collins,21,F,STAT,285 Dogwood Drive ,91803,0
car7539@lionstate.edu,50oqcctn,Chanelle Armstrong,18,F,CMPSC,83 Corona Street ,32449,0
cqu9106@lionstate.edu,tw5426ed,Coby Quitzon,20,F,EE,7313 Stillwater Lane ,67144,0
cni4297@lionstate.edu,evxf35zl,Candice Nikolaus,20,M,CMPEN,7130 Longfellow Dr. ,95757,0
bla8825@lionstate.edu,1dtdo40q,Bernhard Lakin I,21,M,CMPEN,7764 Union Avenue ,96059,0
ban4029@lionstate.edu,00i72mf0,Breanne Ankunding,21,F,CHEM,358 Marvon Ave. ,34241,0
cwi9611@lionstate.edu,i6uh8tg6,Clare Wilderman,19,M,DS,7529 Old Sunset Road ,6854,0
cma2608@lionstate.edu,nvxhowyn,Casey Mann,19,F,CMPEN,8401 Green Rd. ,62677,0
cke2909@lionstate.edu,y3ujhb8l,Caterina Keebler,19,F,CHEM,7313 Stillwater Lane ,47260,0
con6570@lionstate.edu,o00ttgut,Cassie Ondricka,21,F,STAT,9599 La Sierra St. ,32139,0
csc4424@lionstate.edu,45ncapyh,Cooper Schamberger,22,M,CMPEN,708 York Dr. ,81027,0
bco6864@lionstate.edu,ksq8h86c,Bert Cole,21,M,EE,87 Vermont St. ,50309,0
afe8207@lionstate.edu,wm1cdnuo,Aiden Feeney,19,M,EE,9659 Rosewood Drive ,33162,0
amo1787@lionstate.edu,9jwi71sj,Ada Morissette,18,F,CMPSC,232 W. Homewood Ave. ,62232,0
bpa4624@lionstate.edu,vwy31jv7,Berry Paucek V,19,M,PHYS,9408 Anderson Court ,94509,0
cwe7743@lionstate.edu,1zvd1snn,Constantin West,21,M,CMPEN,83 Corona Street ,62058,0
bla3620@lionstate.edu,qgdussoj,Beau Langosh V,21,F,EE,461 Heather Street ,6612,0
csp1832@lionstate.edu,px5st392,Constance Spencer,21,M,EE,780 East Redwood Drive ,61358,0
aha9580@lionstate.edu,cqbh45an,Alek Harann,22,M,PHYS,7764 Union Avenue ,83464,0
csc4465@lionstate.edu,4ad4so3q,Carmella Schmitt DDS,21,M,ECON,9408 Anderson Court ,62675,0
bke2342@lionstate.edu,ms07pcfx,Bettie Keeling,21,M,MATH,780 East Redwood Drive ,91915,0
che2186@lionstate.edu,u618ku61,Carrie Heidenreich,21,M,CMPEN,88 Harrison Street ,60184,0
aro5610@lionstate.edu,44vdzjle,Alan Roob,21,F,ECON,4 Old Academy Drive ,72079,0
bmu2685@lionstate.edu,mesb9dvn,Brent Murphy,20,F,DS,8131 Elizabeth Ave. ,30093,0
bsh2898@lionstate.edu,z1wbo8rz,Belle Shanahan,20,M,CMPSC,8401 Green Rd. ,81325,0
cau6355@lionstate.edu,zfwpjz8k,Clemmie Auer,21,M,IST,453 North Elm Dr. ,66429,0
cba9384@lionstate.edu,9ud209h4,Chadrick Bahringer,18,F,CMPEN,655 East Branch Dr. ,61776,0
dho6824@lionstate.edu,17wgtqdn,Danika Howe,22,M,MATH,9659 Rosewood Drive ,61753,0
ali8320@lionstate.edu,ctvqpw3f,Abigayle Lind Sr.,20,M,CMPSC,7450 West Manchester Street ,96797,0
aku5912@lionstate.edu,xi209spb,Abigayle Kuphal II,21,F,MATH,7529 Old Sunset Road ,31554,0
cal6530@lionstate.edu,0nj3c33c,Cleveland Altenwerth DDS,22,F,DS,798 North Euclid Drive ,19941,0
ast1417@lionstate.edu,lsrte554,Alene Strosin,19,M,CMPEN,9236 El Dorado St. ,50455,0
cke2083@lionstate.edu,v2cjbrvc,Clarissa Kessler,19,F,CHEM,963 Court Road ,62001,0
dro6812@lionstate.edu,045ar2mf,Daniela Roberts,18,M,ECON,9599 La Sierra St. ,60707,0
csc6517@lionstate.edu,pcccpp55,Carmela Schowalter,21,F,STAT,7764 Union Avenue ,72947,0
bdo2641@lionstate.edu,8f2lqduk,Bessie Dooley,19,F,IST,7529 Old Sunset Road ,33873,0
ble4792@lionstate.edu,8i6is0ah,Braden Legros,22,M,EE,9420 Tallwood Street ,61071,0
bol9798@lionstate.edu,rjpdf3er,Brannon Olson,18,F,ECON,78 South Brewery Ave. ,46268,0
cke5290@lionstate.edu,zkvrp5jt,Carolina Keebler,20,M,EE,863 Stillwater Road ,50511,0
agu4622@lionstate.edu,5uvu9byo,Abbey Gulgowski,18,M,DS,7195 North Canterbury Circle ,91803,0
bfa8479@lionstate.edu,9jmi0zwo,Brook Fahey,20,F,CMPSC,453 North Elm Dr. ,46506,0
dba2379@lionstate.edu,msl605wk,D'angelo Bauch,19,F,DS,9236 El Dorado St. ,95234,0
asc5301@lionstate.edu,tj74r303,Al Schamberger,18,M,CSE,9599 La Sierra St. ,32667,0
cda4101@lionstate.edu,xs85pn08,Cathryn Dach MD,20,M,MATH,18 Lakeview Street ,46774,0
aja6920@lionstate.edu,957kzj9i,Adrian Jacobson I,18,F,CMPEN,266 Second Street ,95303,0
aef3745@lionstate.edu,laqw8wy4,Albin Effertz,21,M,CHEM,251 West Sheffield Drive ,93615,0
cco1519@lionstate.edu,xgedsmm3,Candido Corwin,22,M,IST,8401 Green Rd. ,60458,0
bro8229@lionstate.edu,wd4s9vg9,Brooklyn Roob,19,F,ECON,8985 Cambridge Ave. ,51033,0
dcr2568@lionstate.edu,kmi4uxpg,Damian Cremin,21,F,CHEM,120 Heritage Lane ,62689,0
apo8918@lionstate.edu,v05k1v63,Aditya Powlowski,18,M,STAT,7130 Longfellow Dr. ,62694,0
bbe8960@lionstate.edu,thufxhze,Bryce Beahan,18,F,DS,7764 Union Avenue ,95717,0
cpr2105@lionstate.edu,y8x1jptl,Carol Price,18,F,ECON,91 S. Gartner Street ,47802,0
dhi1400@lionstate.edu,1va14zi3,Dane Hirthe,18,M,CHEM,119 Harvey Street ,61049,0
ao'9620@lionstate.edu,p7zeye92,Alexandre O'Hara,20,M,EE,461 Heather Street ,32218,0
cst7897@lionstate.edu,hqjkh5qw,Catharine Stamm,19,F,IST,251 West Sheffield Drive ,80203,0
cwi9823@lionstate.edu,ld6euu2f,Cecilia Wilderman,18,F,CHEM,798 North Euclid Drive ,93657,0
cmu4682@lionstate.edu,g1pp37m7,Camren Murphy,19,F,EE,182 Spring Street ,62311,0
abr4642@lionstate.edu,ysawmj9y,Alejandrin Brekke,21,F,STAT,336 Myrtle Street ,31757,0
cwa6554@lionstate.edu,qe0iy7nq,Cloyd Walsh,21,F,DS,78 South Brewery Ave. ,32464,0
awo8057@lionstate.edu,n24jab1u,Aisha Wolff II,22,M,PHYS,8687 N. Sleepy Hollow Court ,46239,0
cba7752@lionstate.edu,7ypnjh47,Chaim Batz,20,F,CSE,285 Dogwood Drive ,91941,0
btu9894@lionstate.edu,v9p6v25z,Breanna Turcotte,18,F,CMPSC,87 Vermont St. ,95824,0
cst5445@lionstate.edu,bgqgje4n,Citlalli Strosin,21,F,CMPEN,285 Dogwood Drive ,92131,0
dbo6055@lionstate.edu,ibqumeb3,Danny Boyer,19,M,STAT,453 North Elm Dr. ,32211,0
csi7325@lionstate.edu,m6nwqse8,Colton Simonis I,22,M,EE,259 Cleveland Road ,62938,0
eho2438@lionstate.edu,t9rgkjvk,Einar Homenick I,19,F,CMPSC,8687 N. Sleepy Hollow Court ,81654,0
gla6703@lionstate.edu,citvflsq,Gladyce Langworth,21,F,IST,4 Old Academy Drive ,30619,0
eul3401@lionstate.edu,wiz18kft,Eileen Ullrich,18,F,EE,863 Stillwater Road ,67450,0
gje5238@lionstate.edu,ukbofbpy,Giovanni Jerde,20,M,ECON,26 Johnson St. ,83856,0
fem3105@lionstate.edu,maw8k1p2,Ferne Emard,22,F,EE,88 Harrison Street ,81320,0
ewa3673@lionstate.edu,2a5d4gvm,Elwin Waelchi,21,F,CMPEN,798 North Euclid Drive ,96701,0
eda6907@lionstate.edu,n1otsmb8,Earl Dare,22,F,IST,259 Cleveland Road ,95680,0
gpa9063@lionstate.edu,0uek82zt,Gilda Parisian,20,F,ECON,26 Johnson St. ,47805,0
isc1736@lionstate.edu,gfqase8s,Ilene Schamberger,19,F,MATH,119 Harvey Street ,81521,0
iem2812@lionstate.edu,rzhtvxf3,Ila Emmerich,20,M,CMPEN,361 E. Sierra Street ,6059,0
eko8983@lionstate.edu,7sgf01vp,Ewald Koelpin,19,F,CHEM,185 E. Trenton Street ,32789,0
gja2457@lionstate.edu,20u4p5x8,Gerard Jakubowski DDS,18,F,ECON,461 Heather Street ,62548,0
dgu6109@lionstate.edu,4qtlequ2,Domingo Gulgowski,18,F,IST,18 Lakeview Street ,80302,0
emo2262@lionstate.edu,rj6abnmm,Emmie Mosciski,19,F,MATH,182 Spring Street ,52156,0
dbu9499@lionstate.edu,qqnuxtqz,Dr. Buster Beahan,22,F,CMPSC,3 North Linden Ave. ,62928,0
gle6196@lionstate.edu,nwu9w5mv,Gilberto Legros,21,F,CSE,119 Harvey Street ,85626,0
das7737@lionstate.edu,ucsw5qmf,Dr. Ashton Stehr,22,M,CMPEN,9659 Rosewood Drive ,72360,0
eda3706@lionstate.edu,nfl28k41,Elbert Davis,22,M,CMPSC,285 Dogwood Drive ,51577,0
gri9899@lionstate.edu,3nsynvz6,Gardner Rippin,21,M,EE,9420 Tallwood Street ,46974,0
fko5077@lionstate.edu,4pvvl7p1,Floy Koss,20,F,CSE,8985 Cambridge Ave. ,80744,0
eau5556@lionstate.edu,cf5aejxt,Elvera Auer Jr.,21,F,IST,78 South Brewery Ave. ,60511,0
dle5410@lionstate.edu,9s8t276n,Dolores Ledner,19,F,CSE,963 Court Road ,67490,0
dka3721@lionstate.edu,69gexir6,Dr. Karelle Koss,20,M,PHYS,88 Harrison Street ,30097,0
do'6054@lionstate.edu,70pipr2e,Derick O'Hara,22,M,PHYS,120 Heritage Lane ,51442,0
ewa2037@lionstate.edu,poakps30,Ella Waelchi,20,F,PHYS,8985 Cambridge Ave. ,92113,0
dwu9169@lionstate.edu,apbb4k6x,Dorothy Wunsch,21,F,CMPEN,655 East Branch Dr. ,61761,0
fo'6167@lionstate.edu,5z1mvehd,Friedrich O'Kon II,18,F,MATH,55 Hall St. ,66091,0
don6643@lionstate.edu,ew3xk7ww,Dortha Ondricka,19,M,PHYS,120 Heritage Lane ,62633,0
dle3899@lionstate.edu,hr9gvnwp,Dr. Leilani Purdy,22,M,ECON,9420 Tallwood Street ,32168,0
hco5500@lionstate.edu,l9uczvs1,Hayden Conn,19,F,EE,361 E. Sierra Street ,95459,0
fwi8821@lionstate.edu,idkbon4x,Frank Williamson,21,F,IST,461 Heather Street ,30105,0
fbe8649@lionstate.edu,hod33g2g,Fausto Bernhard III,22,F,STAT,7450 West Manchester Street ,47926,0
ejo5512@lionstate.edu,xgzmz7gb,Ethan Johnston,18,M,IST,91 S. Gartner Street ,80910,0
gsp6165@lionstate.edu,im9dpro0,Gretchen Spinka I,20,F,IST,18 Lakeview Street ,95553,0
hsc7353@lionstate.edu,yr2i3klq,Hayden Schroeder,19,M,CMPEN,91 S. Gartner Street ,94103,0
ere1755@lionstate.edu,x50p3uzk,Erin Reilly II,22,M,DS,119 Harvey Street ,95324,0
gba7661@lionstate.edu,miklog0x,Garett Balistreri,22,M,PHYS,963 Court Road ,30820,0
eha5861@lionstate.edu,3bhnzahn,Earl Harvey,19,M,MATH,182 Spring Street ,46721,0
dsc6643@lionstate.edu,lnjgs77d,Darrel Schmitt,20,F,CHEM,361 E. Sierra Street ,52801,0
dwi1180@lionstate.edu,abcfoz4u,Deshawn Williamson,20,M,CHEM,232 W. Homewood Ave. ,62682,0
ebe7690@lionstate.edu,i9hg2u5p,Edmond Beatty,22,M,CHEM,8985 Cambridge Ave. ,95060,0
gbr1918@lionstate.edu,jl6pbnsl,Garrison Brekke,20,F,CSE,9408 Anderson Court ,90401,0
ebo5772@lionstate.edu,5sq8neye,Eddie Botsford II,21,M,MATH,232 W. Homewood Ave. ,32568,0
fmu1882@lionstate.edu,ncm9m5oz,Fabian Murphy,20,F,ECON,185 E. Trenton Street ,61231,0
ili9357@lionstate.edu,hh2csxcn,Iliana Little,19,F,IST,266 Second Street ,47386,0
ebe1511@lionstate.edu,86efj62b,Elsa Bernhard,22,M,CSE,55 Hall St. ,62023,0
gbe6590@lionstate.edu,ixot9bd0,Gabrielle Bednar I,18,M,CSE,7313 Stillwater Lane ,32327,0
elo4775@lionstate.edu,meze5wgr,Eula Lockman,22,M,CHEM,182 Spring Street ,80525,0
dza5980@lionstate.edu,0q4zrpw7,Dr. Zachary Corwin,20,M,DS,91 S. Gartner Street ,92021,0
emi8232@lionstate.edu,zigib19y,Earline Mitchell,22,M,STAT,780 East Redwood Drive ,50538,0
dde2898@lionstate.edu,919nl0rg,Dr. Devante Ritchie,21,F,EE,182 Spring Street ,61479,0
hbe2422@lionstate.edu,szlotcme,Harvey Becker,18,F,CMPSC,120 Heritage Lane ,67843,0
dul8690@lionstate.edu,958ncrhf,Desiree Ullrich,19,F,DS,495 Jockey Hollow Ave. ,62243,0
dos5296@lionstate.edu,vtsv9lap,Delilah Osinski,19,M,PHYS,7130 Longfellow Dr. ,51058,0
hha5862@lionstate.edu,1jrl9g2g,Hilbert Hagenes,22,M,CHEM,251 West Sheffield Drive ,61465,0
gli8369@lionstate.edu,36w1lq62,Gerardo Lindgren,19,F,CSE,182 Spring Street ,72342,0
dsy2833@lionstate.edu,4f0t44o5,Dr. Sydnie Jacobi,21,M,DS,78 South Brewery Ave. ,60462,0
eja9335@lionstate.edu,6c9w263u,Erik Jakubowski,21,F,CHEM,9420 Tallwood Street ,62817,0
dto9651@lionstate.edu,2cqalv1d,Dr. Tomasa Kerluke,21,M,CMPEN,4 Old Academy Drive ,80011,0
gha1127@lionstate.edu,64mrwty5,Garrison Haag,18,F,IST,358 Marvon Ave. ,60002,0
dgr2584@lionstate.edu,1ty7j48p,Daphnee Greenfelder,21,M,CMPEN,185 E. Trenton Street ,60563,0
hqu9235@lionstate.edu,ea1bz0su,Hiram Quitzon III,21,F,PHYS,708 York Dr. ,32801,0
dli7331@lionstate.edu,luzms3yv,Dr. Lizeth Brakus,18,F,CMPEN,8131 Elizabeth Ave. ,72007,0
fke9331@lionstate.edu,ndollp4n,Faye Keeling DDS,18,F,CHEM,63 Lake Forest Road ,33182,0
hsc9271@lionstate.edu,oolicjki,Hattie Schmeler,19,M,MATH,9408 Anderson Court ,86503,0
ega5701@lionstate.edu,nxaztmsb,Esther Gaylord,18,F,MATH,780 East Redwood Drive ,60471,0
eha3605@lionstate.edu,6fbe4n5f,Elisa Hahn,18,M,EE,708 York Dr. ,62867,0
dgr3445@lionstate.edu,2hraep3u,Domenic Grant,21,F,EE,655 East Branch Dr. ,30143,0
ewi7719@lionstate.edu,j8dbqrn2,Eliezer Wilkinson,19,F,PHYS,639 Princeton Rd. ,94597,0
dra6398@lionstate.edu,33gcwtga,Domenica Ratke,22,F,STAT,185 E. Trenton Street ,46032,0
iba6268@lionstate.edu,rwnkxe3q,Ilene Bashirian DVM,19,M,CSE,63 Lake Forest Road ,6785,0
efe7194@lionstate.edu,pcvwpys8,Estefania Feest,19,F,EE,8131 Elizabeth Ave. ,72476,0
hsa7005@lionstate.edu,k47muh9j,Hillary Satterfield,20,F,CHEM,266 Second Street ,51440,0
dhe4675@lionstate.edu,8ir9plfy,Dr. Henri Swift,20,M,CMPSC,655 East Branch Dr. ,32140,0
glu5165@lionstate.edu,p60j3gfp,Gwendolyn Luettgen,18,F,CHEM,7764 Union Avenue ,67749,0
gro7380@lionstate.edu,9elp97f2,Gudrun Rowe,19,F,PHYS,308 Mammoth Dr. ,52314,0
hmc3828@lionstate.edu,ivj4t8l7,Harmony McLaughlin DDS,19,F,CSE,361 E. Sierra Street ,34769,0
era1993@lionstate.edu,lt2o6bz7,Emmet Rath,18,M,STAT,608 North Addison St. ,92210,0
ekr7262@lionstate.edu,xq9c6pak,Ernestine Krajcik,21,M,ECON,963 Court Road ,80031,0
gro1175@lionstate.edu,chgtsi7m,Geovanni Romaguera Jr.,19,M,CHEM,285 Dogwood Drive ,62982,0
fwi1167@lionstate.edu,uu0g93w1,Franco Windler,20,F,ECON,8131 Elizabeth Ave. ,20009,0
fco4453@lionstate.edu,x2a4uyte,Filiberto Cole,20,M,CHEM,4 Old Academy Drive ,46808,0
hho2415@lionstate.edu,i3vn6szs,Heaven Howell,20,M,CHEM,55 Hall St. ,62324,0
dgl1808@lionstate.edu,bevy1uqk,Devan Gleichner,22,F,DS,182 Spring Street ,47436,0
dpr1912@lionstate.edu,kwxx5jy0,Deondre Prohaska,18,F,STAT,453 North Elm Dr. ,72838,0
gda4655@lionstate.edu,ajy7neci,Gerson Daugherty,20,M,PHYS,91 S. Gartner Street ,60955,0
dgu3121@lionstate.edu,frzsnvre,Darien Guann,19,M,CMPEN,8131 Elizabeth Ave. ,50604,0
gri9047@lionstate.edu,zxgp56he,Gonzalo Rice,19,M,IST,83 Corona Street ,31830,0
dka8555@lionstate.edu,r7haxr52,Dr. Kaitlin Watsica,20,F,DS,9659 Rosewood Drive ,50464,0
fru9222@lionstate.edu,f27vjkmy,Fredy Rutherford,22,M,DS,336 Myrtle Street ,30607,0
hco6423@lionstate.edu,l29f8zdu,Henderson Conroy,20,M,CMPSC,963 Court Road ,95825,0
fan4600@lionstate.edu,w7whiajz,Furman Anderson,22,F,DS,9236 El Dorado St. ,33406,0
ffe7299@lionstate.edu,tl5jnyof,Flavio Ferry,22,F,EE,63 Lake Forest Road ,50836,0
gje9368@lionstate.edu,5qdetelc,Gage Jenkins,21,F,DS,7 Arch Court ,92105,0
dke5393@lionstate.edu,ohh4mwyn,Dr. Keira Walter,18,F,PHYS,8131 Elizabeth Ave. ,32784,0
gha3078@lionstate.edu,x8bxllty,Grayce Haag,19,M,CSE,361 E. Sierra Street ,72165,0
gsc7459@lionstate.edu,c30yd3xc,Golden Schimmel,19,F,IST,495 Jockey Hollow Ave. ,6264,0
ebo8800@lionstate.edu,27nkuhp0,Elton Boyle IV,22,F,MATH,361 E. Sierra Street ,51355,0
dth9255@lionstate.edu,wdsa15ev,Dr. Thurman Hudson,21,M,CHEM,608 North Addison St. ,83210,0
emu6564@lionstate.edu,1srrimo3,Elwin Murazik Sr.,20,F,EE,608 North Addison St. ,61956,0
hha5390@lionstate.edu,kjzty61o,Herbert Hansen,20,F,PHYS,232 W. Homewood Ave. ,81125,0
eha9004@lionstate.edu,pudh3q7q,Enid Harris,21,M,PHYS,461 Heather Street ,6610,0
hma5409@lionstate.edu,xkeuvdjo,Halle Mann,20,F,PHYS,266 Second Street ,34983,0
equ5569@lionstate.edu,5gopxrcu,Elian Quitzon,19,F,EE,8131 Elizabeth Ave. ,50147,0
hwi7295@lionstate.edu,z79z8qv6,Holden Wilderman,19,F,ECON,55 Hall St. ,62325,0
ewa4239@lionstate.edu,5lx2bx3y,Ena Waelchi,22,M,ECON,7297 Applegate St. ,46573,0
eku6733@lionstate.edu,nfqdx36h,Enola Kub,21,M,DS,9420 Tallwood Street ,62092,0
dmo3632@lionstate.edu,w3mm2evm,Dr. Molly Hoeger,19,F,CMPSC,860 Wakehurst Dr. ,32145,0
eru8875@lionstate.edu,38y8b748,Ebba Runte Sr.,19,M,MATH,361 E. Sierra Street ,50573,0
ewi7053@lionstate.edu,y3qo6wcu,Elyse Wisoky,22,M,DS,266 Second Street ,62677,0
gpf4338@lionstate.edu,t18b2zrh,Gabriella Pfannerstill,21,F,PHYS,4 Old Academy Drive ,34243,0
dhi2046@lionstate.edu,jzfoezkr,Dexter Hirthe Jr.,21,M,STAT,863 Stillwater Road ,6811,0
eor3911@lionstate.edu,18zrf9xy,Edward Orn,18,F,CMPSC,308 Mammoth Dr. ,67865,0
dar8112@lionstate.edu,w6w1dk9x,Darrel Armstrong,18,M,IST,4 Old Academy Drive ,20053,0
gdo2323@lionstate.edu,jytu2joh,Guiseppe Dooley,19,F,IST,119 Harvey Street ,95726,0
dmo8469@lionstate.edu,hj4cclt0,Dion Mosciski,18,F,IST,182 Spring Street ,90270,0
djo7177@lionstate.edu,cg3nnw0w,Dr. Josiane Herzog,20,F,DS,8378 West Pulaski Ave. ,34448,0
dgo7552@lionstate.edu,wqxumezb,Dorcas Gorczany,22,F,STAT,7529 Old Sunset Road ,90064,0
iwe8564@lionstate.edu,1eaym6hq,Ike Weissnat,20,F,STAT,495 Jockey Hollow Ave. ,47924,0
dsw8653@lionstate.edu,ywux4080,Dayton Swaniawski,19,M,CSE,259 Cleveland Road ,94938,0
dsc8667@lionstate.edu,w5fqnpdm,Dolly Schulist,18,M,EE,453 North Elm Dr. ,61015,0
hla2951@lionstate.edu,fjpasfn0,Hallie Langworth,21,M,CSE,120 Heritage Lane ,34465,0
dwe7522@lionstate.edu,6wq0yb12,Deshaun Weissnat,20,M,CMPSC,91 S. Gartner Street ,83628,0
fto3481@lionstate.edu,a9vg5adf,Frederique Torphy,21,M,DS,7764 Union Avenue ,32211,0
fsc6641@lionstate.edu,otygfrqd,Flossie Schoen,19,F,CSE,9236 El Dorado St. ,51443,0
dsc6224@lionstate.edu,ghv927fv,Dorris Schulist,21,M,CMPSC,639 Princeton Rd. ,85137,0
est8109@lionstate.edu,ungh3o61,Edwardo Stokes,22,M,ECON,120 Heritage Lane ,91722,0
gtu8968@lionstate.edu,gh7gg5yc,Glennie Turcotte II,21,F,STAT,7450 West Manchester Street ,81019,0
dca4962@lionstate.edu,vlcyuyli,Dr. Casandra Walsh,21,M,CSE,3 North Linden Ave. ,86333,0
eke2974@lionstate.edu,y17twvre,Elenora Kessler,18,M,IST,26 Johnson St. ,33004,0
fgo6601@lionstate.edu,vp0hyviy,Freda Goldner,19,F,CHEM,708 York Dr. ,96096,0
dau4671@lionstate.edu,pjk5uuph,Dante Auer,22,M,MATH,7195 North Canterbury Circle ,71667,0
fst4172@lionstate.edu,v2ac62yr,Flavie Stokes,20,M,PHYS,83 Corona Street ,33178,0
ewu3608@lionstate.edu,tnhnrl2s,Eusebio Wuckert,20,F,MATH,26 Johnson St. ,60952,0
hha4579@lionstate.edu,02r32nem,Hassan Hagenes,18,M,ECON,8131 Elizabeth Ave. ,47920,0
gdi6403@lionstate.edu,uyv380bs,Gerald Dibbert,19,M,CSE,308 Mammoth Dr. ,83827,0
gho9279@lionstate.edu,1kt3b9yp,Geraldine Hodkiewicz V,20,M,CMPSC,9420 Tallwood Street ,95923,0
hbe9043@lionstate.edu,do9np1uo,Horace Bernier,20,M,CHEM,361 E. Sierra Street ,60048,0
dlu5342@lionstate.edu,8izk0vyb,Dr. Luna Goldner,21,F,DS,608 North Addison St. ,61857,0
fwi4093@lionstate.edu,zqmrasp4,Furman Wilkinson,18,M,CMPSC,8401 Green Rd. ,95634,0
gbo5236@lionstate.edu,61ps0ls8,Gunnar Bogan,21,M,CSE,120 Heritage Lane ,95336,0
eda1662@lionstate.edu,c08ymku9,Ervin Davis,22,M,ECON,9599 La Sierra St. ,46764,0
ero7419@lionstate.edu,sgmnaby3,Elmira Robel Sr.,22,M,CMPSC,9236 El Dorado St. ,83712,0
eje5154@lionstate.edu,2h2zgp0u,Erica Jewess,22,F,PHYS,26 Johnson St. ,34233,0
gsh4183@lionstate.edu,fkxcd7sb,Garett Shields Jr.,18,M,CMPSC,55 Hall St. ,20540,0
dmo5043@lionstate.edu,yvon4auv,Dr. Morgan Sanford,20,F,CSE,87 Vermont St. ,95742,0
fho6099@lionstate.edu,lbkrizuu,Florida Hoeger,19,M,CHEM,8131 Elizabeth Ave. ,67843,0
gri8843@lionstate.edu,kov519o8,Gerda Ritchie,18,M,CMPEN,185 E. Trenton Street ,71834,0
hmo1766@lionstate.edu,pvksy5g9,Henderson Morissette,19,M,CMPEN,461 Heather Street ,61850,0
egr8661@lionstate.edu,nfs52rx9,Eleazar Greenholt,20,M,CHEM,83 Corona Street ,95310,0
emo9364@lionstate.edu,jtcvb5mi,Elinore Moen,22,M,ECON,8687 N. Sleepy Hollow Court ,92707,0
ego5088@lionstate.edu,kec1tvvq,Elwyn Gorczany,19,M,ECON,453 North Elm Dr. ,30070,0
dco3584@lionstate.edu,30m8mgg8,Donnie Conn,21,F,IST,83 Corona Street ,81521,0
eos2514@lionstate.edu,5n7rxat6,Eugenia Osinski,19,F,ECON,55 Hall St. ,67671,0
ekr7111@lionstate.edu,xuiy7mzm,Emanuel Kris,19,F,ECON,87 Vermont St. ,6256,0
ibl7919@lionstate.edu,i2dfgepr,Ida Blanda,21,F,CHEM,860 Wakehurst Dr. ,92003,0
dll1126@lionstate.edu,4bkr5n7f,Dr. Lloyd Barrows,20,M,PHYS,461 Heather Street ,62201,0
ghe6923@lionstate.edu,448p81am,Garnett Hessel,22,F,MATH,9659 Rosewood Drive ,66869,0
dca7691@lionstate.edu,vak3gwpe,Darwin Carroll IV,18,F,PHYS,9498 Newport Ave. ,60564,0
ema3198@lionstate.edu,f3e9tv4d,Eda Marks,18,F,IST,308 Mammoth Dr. ,60532,0
dko7141@lionstate.edu,443bieq9,Doris Koch,18,M,ECON,453 North Elm Dr. ,33815,0
gsc8857@lionstate.edu,i54i8e4r,Greta Schowalter DDS,21,F,MATH,7313 Stillwater Lane ,60657,0
gpo8007@lionstate.edu,zktkgfvs,Gayle Pollich,19,M,CMPSC,860 Wakehurst Dr. ,19940,0
esc3235@lionstate.edu,vb0kg02i,Enos Schulist,20,F,CSE,336 Myrtle Street ,91325,0
dsc1531@lionstate.edu,uwvxra29,Domenica Schumm,19,F,DS,8985 Cambridge Ave. ,50543,0
era5006@lionstate.edu,9gzrg9k4,Eugenia Rath,19,M,MATH,266 Second Street ,46260,0
dos4686@lionstate.edu,uo1yl5kn,Dr. Oscar Rath,22,F,DS,7529 Old Sunset Road ,32766,0
ero6656@lionstate.edu,23fvo5oo,Emmett Rodriguez,19,F,CMPEN,7529 Old Sunset Road ,50540,0
dsp8278@lionstate.edu,c7h45b7v,Dean Sporer,22,F,CHEM,798 North Euclid Drive ,60958,0
dgu2182@lionstate.edu,xuub6w1z,Dulce Gulgowski,22,F,DS,259 Cleveland Road ,6023,0
dru6558@lionstate.edu,d712nupf,Deondre Rutherford,19,F,ECON,88 Harrison Street ,95412,0
era8695@lionstate.edu,n0a9z5fp,Ezequiel Ratke,21,F,PHYS,6 Andover Dr. ,95490,0
gco1287@lionstate.edu,ao2yf2ru,Gaylord Collins DVM,22,M,DS,7450 West Manchester Street ,83234,0
dau3899@lionstate.edu,0cs9xyii,Darion Aufderhar II,19,M,IST,3 North Linden Ave. ,50023,0
gke6046@lionstate.edu,s52yl1va,Gladyce Kertzmann,20,F,MATH,26 Johnson St. ,96074,0
hst8869@lionstate.edu,xd4a1vbi,Hadley Stracke,20,F,CSE,7450 West Manchester Street ,33703,0
hbo6532@lionstate.edu,gbgrtgkb,Hattie Boehm,20,M,EE,9659 Rosewood Drive ,95426,0
hdu6288@lionstate.edu,x6lpxfnx,Harold Durgan,20,M,CMPSC,798 North Euclid Drive ,32444,0
dma2479@lionstate.edu,1ekz58ar,Dr. Mariano Collier,18,M,ECON,266 Second Street ,80264,0
esm5729@lionstate.edu,s7vf7d8s,Esmeralda Smith IV,20,F,MATH,9599 La Sierra St. ,52583,0
emc1573@lionstate.edu,cdessibr,Emiliano McCullough,21,F,CSE,251 West Sheffield Drive ,61326,0
dre1763@lionstate.edu,fb6id2et,Dr. Reagan Johnston,22,M,CSE,120 Heritage Lane ,85135,0
dwe1922@lionstate.edu,2uy51mpb,Dianna Wehner,18,M,MATH,7313 Stillwater Lane ,62921,0
dha8330@lionstate.edu,yytd1q6l,Deondre Hagenes,19,M,DS,8378 West Pulaski Ave. ,31309,0
evo3410@lionstate.edu,uv9ce60h,Electa VonRueden,18,F,MATH,461 Heather Street ,62275,0
gwa4795@lionstate.edu,4jjj4cp0,Gudrun Ward PhD,21,M,IST,453 North Elm Dr. ,50454,0
dre1837@lionstate.edu,qenoerax,Dr. Reva Kuhic,21,F,EE,8131 Elizabeth Ave. ,30566,0
dha4724@lionstate.edu,23b23uk4,Deondre Harber,19,F,ECON,285 Dogwood Drive ,83810,0
dcr5796@lionstate.edu,behfw2pz,Doris Cremin,22,F,CSE,655 East Branch Dr. ,50271,0
fho3009@lionstate.edu,219xa2c5,Fredrick Howell,22,F,MATH,3 North Linden Ave. ,61606,0
ewi3696@lionstate.edu,f3brslrz,Elnora Wilderman,20,F,ECON,7130 Longfellow Dr. ,92821,0
eba8031@lionstate.edu,8uxa5m0p,Else Batz,21,M,MATH,780 East Redwood Drive ,61345,0
fru6436@lionstate.edu,sh44t6ty,Forrest Ruecker PhD,19,F,IST,7764 Union Avenue ,50222,0
ebl1301@lionstate.edu,9x7jrlvr,Eva Blanda,22,F,STAT,7450 West Manchester Street ,93442,0
eef9004@lionstate.edu,eegpby2t,Edmond Effertz I,22,F,CSE,608 North Addison St. ,52745,0
ero4695@lionstate.edu,1pmel9s9,Etha Romaguera,18,F,CSE,83 Corona Street ,31220,0
dan1283@lionstate.edu,dp3zoe6q,Dr. Anabel Stoltenberg,19,M,CHEM,232 W. Homewood Ave. ,93660,0
dru1153@lionstate.edu,1msis5t3,Dolores Runolfsdottir DDS,20,F,CMPEN,308 Mammoth Dr. ,96783,0
eja4563@lionstate.edu,7e90f7qq,Eliza Jacobi II,21,F,CMPEN,8378 West Pulaski Ave. ,86502,0
dfo8788@lionstate.edu,ug376ep9,Dr. Foster Langosh,21,F,STAT,7529 Old Sunset Road ,85027,0
dsa5269@lionstate.edu,ajrdjhxl,Dr. Sage Smitham,18,M,CSE,780 East Redwood Drive ,52352,0
hko4058@lionstate.edu,coevsfej,Halle Koepp,19,M,PHYS,285 Dogwood Drive ,95956,0
dgi6063@lionstate.edu,t03b6hb4,Darien Gibson,22,M,MATH,608 North Addison St. ,33755,0
ema6571@lionstate.edu,n26pn5ng,Eldon Macejkovic,21,M,MATH,608 North Addison St. ,72482,0
gku4413@lionstate.edu,t4vk29f9,Gerry Kuvalis Jr.,19,F,MATH,7 Arch Court ,93022,0
gcu8420@lionstate.edu,9fkl8w6t,Gregorio Cummings,22,F,IST,266 Second Street ,33193,0
djo8575@lionstate.edu,tn9wg74p,Dock Johns,18,M,EE,655 East Branch Dr. ,20260,0
hru3139@lionstate.edu,ggyn6nh9,Hailee Runolfsson,22,F,ECON,358 Marvon Ave. ,85225,0
fbe3368@lionstate.edu,hkjob0h1,Flossie Bednar,19,F,ECON,7 Arch Court ,80830,0
del6081@lionstate.edu,to578yi5,Dr. Elton Green,18,M,PHYS,8985 Cambridge Ave. ,71851,0
fma3537@lionstate.edu,52ibosdi,Florian Mante,22,F,CSE,798 North Euclid Drive ,92276,0
fry4954@lionstate.edu,hwazzxlh,Frank Ryan,19,F,CMPEN,461 Heather Street ,46340,0
dla7510@lionstate.edu,jy0in5m2,Dr. Lambert Jaskolski,18,M,CMPSC,358 Marvon Ave. ,81092,0
dfl8617@lionstate.edu,fff7sx3o,Darlene Flatley,22,M,MATH,9408 Anderson Court ,50039,0
